Otu,domain,phylum,class,order,family,genus,species
ASV62,Bacteria,Proteobacteria,Gammaproteobacteria,Pseudomonadales,Moraxellaceae,Acinetobacter,NA
ASV47,Bacteria,Bacteroidota,Bacteroidia,Sphingobacteriales,NS11-12 marine group,NA,NA
ASV71,Bacteria,Bacteroidota,Bacteroidia,Sphingobacteriales,NS11-12 marine group,NA,NA
ASV57,Bacteria,Myxococcota,Polyangia,Polyangiales,Phaselicystidaceae,Phaselicystis,NA
ASV366,Bacteria,Proteobacteria,Gammaproteobacteria,Burkholderiales,Methylophilaceae,Methylophilus,NA
ASV21,Bacteria,Bacteroidota,Bacteroidia,Cytophagales,Spirosomaceae,Emticicia,NA
ASV38,Bacteria,Verrucomicrobiota,Verrucomicrobiae,Verrucomicrobiales,Verrucomicrobiaceae,Prosthecobacter,NA
ASV23,Bacteria,Bacteroidota,Bacteroidia,Chitinophagales,Chitinophagaceae,Sediminibacterium,NA
ASV19,Bacteria,Verrucomicrobiota,Verrucomicrobiae,Verrucomicrobiales,Verrucomicrobiaceae,Prosthecobacter,NA
ASV16,Bacteria,Bacteroidota,Bacteroidia,Cytophagales,Microscillaceae,NA,NA
ASV6,Bacteria,Proteobacteria,Alphaproteobacteria,Caulobacterales,Hyphomonadaceae,Hirschia,NA
ASV34,Bacteria,Verrucomicrobiota,Chlamydiae,Chlamydiales,Parachlamydiaceae,NA,NA
ASV39,Bacteria,Bacteroidota,Bacteroidia,Chitinophagales,Chitinophagaceae,Terrimonas,NA
ASV30,Bacteria,Bacteroidota,Bacteroidia,Cytophagales,Microscillaceae,OLB12,NA
ASV26,Bacteria,Proteobacteria,Alphaproteobacteria,Reyranellales,Reyranellaceae,Reyranella,NA
ASV18,Bacteria,Bacteroidota,Bacteroidia,Cytophagales,Spirosomaceae,Runella,NA
ASV27,Bacteria,Bacteroidota,Bacteroidia,Sphingobacteriales,NS11-12 marine group,NA,NA
ASV11,Bacteria,Bacteroidota,Bacteroidia,Cytophagales,Spirosomaceae,Emticicia,NA
ASV218,Bacteria,Proteobacteria,Gammaproteobacteria,Burkholderiales,Methylophilaceae,Methylophilus,NA
ASV2,Bacteria,Bacteroidota,Bacteroidia,Chitinophagales,Chitinophagaceae,Terrimonas,NA
ASV32,Bacteria,Verrucomicrobiota,Verrucomicrobiae,Opitutales,Opitutaceae,NA,NA
ASV5,Bacteria,Verrucomicrobiota,Verrucomicrobiae,Verrucomicrobiales,Rubritaleaceae,Luteolibacter,NA
ASV112,Bacteria,Proteobacteria,Alphaproteobacteria,Rhodobacterales,Rhodobacteraceae,Rhodobacter,NA
ASV7,Bacteria,Proteobacteria,Gammaproteobacteria,Burkholderiales,Oxalobacteraceae,NA,NA
ASV113,Bacteria,Bacteroidota,Bacteroidia,Cytophagales,Microscillaceae,NA,NA
ASV76,Bacteria,Armatimonadota,Armatimonadia,Armatimonadales,Armatimonadaceae,Armatimonas,NA
ASV135,Bacteria,Bacteroidota,Bacteroidia,Sphingobacteriales,Sphingobacteriaceae,Solitalea,NA
ASV9,Bacteria,Bacteroidota,Bacteroidia,Chitinophagales,Chitinophagaceae,NA,NA
ASV179,Bacteria,Bacteroidota,Bacteroidia,Sphingobacteriales,env.OPS 17,NA,NA
ASV99,Bacteria,Planctomycetota,Planctomycetes,Pirellulales,Pirellulaceae,Pirellula,NA
ASV184,Bacteria,Bacteroidota,Bacteroidia,Flavobacteriales,Flavobacteriaceae,Flavobacterium,NA
ASV56,Bacteria,Proteobacteria,Alphaproteobacteria,Rickettsiales,Rickettsiaceae,Rickettsia,NA
ASV125,Bacteria,Bacteroidota,Bacteroidia,Chitinophagales,Chitinophagaceae,Sediminibacterium,NA
ASV87,Bacteria,Proteobacteria,Alphaproteobacteria,Sphingomonadales,Sphingomonadaceae,Sphingopyxis,NA
ASV45,Bacteria,Proteobacteria,Alphaproteobacteria,Sphingomonadales,Sphingomonadaceae,Rhizorhapis,NA
ASV81,Bacteria,Proteobacteria,Alphaproteobacteria,Rickettsiales,Rickettsiaceae,Rickettsia,NA
ASV160,Bacteria,Bacteroidota,Bacteroidia,Flavobacteriales,Flavobacteriaceae,Flavobacterium,NA
ASV406,Bacteria,Bacteroidota,Bacteroidia,Flavobacteriales,Flavobacteriaceae,Flavobacterium,NA
ASV67,Bacteria,Verrucomicrobiota,Verrucomicrobiae,Verrucomicrobiales,Rubritaleaceae,Luteolibacter,NA
ASV267,Bacteria,Bacteroidota,Bacteroidia,Flavobacteriales,Flavobacteriaceae,Flavobacterium,NA
ASV55,Bacteria,Bacteroidota,Bacteroidia,Chitinophagales,Chitinophagaceae,Sediminibacterium,NA
ASV279,Bacteria,Proteobacteria,Gammaproteobacteria,Burkholderiales,Methylophilaceae,Methylotenera,NA
ASV265,Bacteria,Proteobacteria,Alphaproteobacteria,Sphingomonadales,Sphingomonadaceae,Sphingopyxis,NA
ASV29,Bacteria,Bacteroidota,Bacteroidia,Chitinophagales,Chitinophagaceae,Rurimicrobium,NA
ASV35,Bacteria,Proteobacteria,Alphaproteobacteria,Rickettsiales,SM2D12,NA,NA
ASV25,Bacteria,Bdellovibrionota,Bdellovibrionia,Bdellovibrionales,Bdellovibrionaceae,Bdellovibrio,NA
ASV59,Bacteria,Bacteroidota,Bacteroidia,Flavobacteriales,Flavobacteriaceae,Flavobacterium,NA
ASV1,Bacteria,Proteobacteria,Gammaproteobacteria,Burkholderiales,Comamonadaceae,Inhella,NA
ASV82,Bacteria,Bacteroidota,Bacteroidia,Sphingobacteriales,Sphingobacteriaceae,Solitalea,NA
ASV86,Bacteria,Proteobacteria,Gammaproteobacteria,Xanthomonadales,Xanthomonadaceae,Lysobacter,NA
ASV203,Bacteria,Bacteroidota,Bacteroidia,Cytophagales,Spirosomaceae,Lacihabitans,NA
ASV282,Bacteria,Bacteroidota,Bacteroidia,Flavobacteriales,Flavobacteriaceae,Flavobacterium,NA
ASV215,Bacteria,Bacteroidota,Bacteroidia,Cytophagales,Spirosomaceae,Lacihabitans,NA
ASV241,Bacteria,Bacteroidota,Bacteroidia,Flavobacteriales,Flavobacteriaceae,Flavobacterium,NA
ASV239,Bacteria,Proteobacteria,Gammaproteobacteria,Burkholderiales,Methylophilaceae,Methylotenera,NA
ASV111,Bacteria,Bacteroidota,Bacteroidia,Chitinophagales,Chitinophagaceae,Terrimonas,NA
ASV128,Bacteria,Proteobacteria,Alphaproteobacteria,Sphingomonadales,Sphingomonadaceae,Sphingopyxis,NA
ASV13,Bacteria,Proteobacteria,Gammaproteobacteria,Cellvibrionales,Cellvibrionaceae,Cellvibrio,NA
ASV423,Bacteria,Proteobacteria,Gammaproteobacteria,Alteromonadales,Alteromonadaceae,Rheinheimera,NA
ASV8,Bacteria,Verrucomicrobiota,Chlamydiae,Chlamydiales,Parachlamydiaceae,NA,NA
ASV323,Bacteria,Proteobacteria,Gammaproteobacteria,Xanthomonadales,Xanthomonadaceae,Lysobacter,NA
ASV157,Bacteria,Proteobacteria,Alphaproteobacteria,Sphingomonadales,Sphingomonadaceae,Porphyrobacter,NA
ASV162,Bacteria,Proteobacteria,Alphaproteobacteria,Rhodobacterales,Rhodobacteraceae,NA,NA
ASV66,Bacteria,Bacteroidota,Bacteroidia,Flavobacteriales,Flavobacteriaceae,Flavobacterium,NA
ASV508,Bacteria,Proteobacteria,Gammaproteobacteria,Burkholderiales,Methylophilaceae,Methylophilus,NA
ASV350,Bacteria,Bacteroidota,Bacteroidia,Flavobacteriales,Flavobacteriaceae,Flavobacterium,NA
ASV78,Bacteria,Proteobacteria,Alphaproteobacteria,Sphingomonadales,Sphingomonadaceae,Sphingopyxis,NA
ASV83,Bacteria,Bacteroidota,Bacteroidia,Cytophagales,Spirosomaceae,Arcicella,NA
ASV428,Bacteria,Bacteroidota,Bacteroidia,Chitinophagales,Saprospiraceae,Haliscomenobacter,NA
ASV273,Bacteria,Bacteroidota,Bacteroidia,Flavobacteriales,Flavobacteriaceae,Flavobacterium,NA
ASV426,Bacteria,Bacteroidota,Bacteroidia,Flavobacteriales,Flavobacteriaceae,Flavobacterium,NA
ASV354,Bacteria,Bacteroidota,Bacteroidia,Flavobacteriales,Flavobacteriaceae,Flavobacterium,NA
ASV49,Bacteria,Proteobacteria,Alphaproteobacteria,Sphingomonadales,Sphingomonadaceae,Rhizorhapis,NA
ASV294,Bacteria,Proteobacteria,Gammaproteobacteria,Xanthomonadales,Xanthomonadaceae,Lysobacter,NA
ASV275,Bacteria,Bacteroidota,Bacteroidia,Sphingobacteriales,Sphingobacteriaceae,Solitalea,NA
ASV517,Bacteria,Proteobacteria,Gammaproteobacteria,Burkholderiales,Methylophilaceae,Methylotenera,NA
ASV88,Bacteria,Proteobacteria,Alphaproteobacteria,Rickettsiales,Rickettsiaceae,Rickettsia,NA
ASV351,Bacteria,Proteobacteria,Alphaproteobacteria,Caulobacterales,Hyphomonadaceae,Hyphomonas,NA
ASV199,Bacteria,Proteobacteria,Gammaproteobacteria,Burkholderiales,Methylophilaceae,Methylotenera,NA
ASV126,Bacteria,Proteobacteria,Alphaproteobacteria,Rhodobacterales,Rhodobacteraceae,Rhodobacter,NA
ASV94,Bacteria,Proteobacteria,Alphaproteobacteria,Sphingomonadales,Sphingomonadaceae,Rhizorhapis,NA
ASV54,Bacteria,Bdellovibrionota,Bdellovibrionia,Bdellovibrionales,Bdellovibrionaceae,Bdellovibrio,NA
ASV174,Bacteria,Bacteroidota,Bacteroidia,Cytophagales,Cytophagaceae,Cytophaga,NA
ASV121,Bacteria,Bacteroidota,Bacteroidia,Flavobacteriales,Flavobacteriaceae,Flavobacterium,NA
ASV250,Bacteria,Bacteroidota,Bacteroidia,Cytophagales,Spirosomaceae,Lacihabitans,NA
ASV200,Bacteria,Proteobacteria,Alphaproteobacteria,Rhizobiales,Devosiaceae,NA,NA
ASV293,Bacteria,Armatimonadota,Armatimonadia,Armatimonadales,Armatimonadaceae,Armatimonas,NA
ASV147,Bacteria,Bacteroidota,Bacteroidia,Flavobacteriales,Flavobacteriaceae,Flavobacterium,NA
ASV156,Bacteria,Bacteroidota,Bacteroidia,Sphingobacteriales,NS11-12 marine group,NA,NA
ASV139,Bacteria,Proteobacteria,Alphaproteobacteria,Rhodobacterales,Rhodobacteraceae,NA,NA
ASV50,Bacteria,Cyanobacteria,Cyanobacteriia,Oxyphotobacteria Incertae Sedis,Unknown Family,Calothrix KVSF5,NA
ASV33,Bacteria,Planctomycetota,Planctomycetes,Planctomycetales,Rubinisphaeraceae,SH-PL14,NA
ASV497,Bacteria,Proteobacteria,Gammaproteobacteria,Burkholderiales,Methylophilaceae,NA,NA
ASV223,Bacteria,Proteobacteria,Alphaproteobacteria,Rhodobacterales,Rhodobacteraceae,NA,NA
ASV313,Bacteria,Proteobacteria,Gammaproteobacteria,Xanthomonadales,Xanthomonadaceae,Lysobacter,NA
ASV607,Bacteria,Bacteroidota,Bacteroidia,Sphingobacteriales,Sphingobacteriaceae,Solitalea,NA
ASV356,Bacteria,Proteobacteria,Gammaproteobacteria,Burkholderiales,Methylophilaceae,NA,NA
ASV365,Bacteria,Proteobacteria,Gammaproteobacteria,Burkholderiales,Methylophilaceae,Methylotenera,NA
ASV493,Bacteria,Proteobacteria,Gammaproteobacteria,Xanthomonadales,Xanthomonadaceae,Lysobacter,NA
ASV40,Bacteria,Proteobacteria,Alphaproteobacteria,Reyranellales,Reyranellaceae,Reyranella,NA
ASV144,Bacteria,Proteobacteria,Alphaproteobacteria,Rhodobacterales,Rhodobacteraceae,NA,NA
ASV124,Bacteria,Bacteroidota,Bacteroidia,Chitinophagales,Saprospiraceae,Haliscomenobacter,NA
ASV117,Bacteria,Proteobacteria,Alphaproteobacteria,Caulobacterales,Hyphomonadaceae,Hyphomonas,NA
ASV193,Bacteria,Proteobacteria,Alphaproteobacteria,Caulobacterales,Hyphomonadaceae,Hyphomonas,NA
ASV155,Bacteria,Bacteroidota,Bacteroidia,Chitinophagales,Saprospiraceae,Haliscomenobacter,NA
ASV52,Bacteria,Bacteroidota,Bacteroidia,Sphingobacteriales,env.OPS 17,NA,NA
ASV297,Bacteria,Bacteroidota,Bacteroidia,Flavobacteriales,Flavobacteriaceae,Flavobacterium,NA
ASV322,Bacteria,Proteobacteria,Alphaproteobacteria,Caulobacterales,Hyphomonadaceae,Hyphomonas,NA
ASV130,Bacteria,Proteobacteria,Gammaproteobacteria,Xanthomonadales,Xanthomonadaceae,Lysobacter,NA
ASV370,Bacteria,Proteobacteria,Gammaproteobacteria,Burkholderiales,Methylophilaceae,Methylotenera,NA
ASV163,Bacteria,Bacteroidota,Bacteroidia,Flavobacteriales,Flavobacteriaceae,Flavobacterium,NA
ASV258,Bacteria,Planctomycetota,Planctomycetes,Pirellulales,Pirellulaceae,Pirellula,NA
ASV65,Bacteria,Proteobacteria,Alphaproteobacteria,Sphingomonadales,Sphingomonadaceae,Rhizorhapis,NA
ASV456,Bacteria,Bacteroidota,Bacteroidia,Flavobacteriales,Flavobacteriaceae,Flavobacterium,NA
ASV85,Bacteria,Bacteroidota,Bacteroidia,Chitinophagales,Saprospiraceae,Haliscomenobacter,NA
ASV430,Bacteria,Proteobacteria,Gammaproteobacteria,Xanthomonadales,Xanthomonadaceae,Lysobacter,NA
ASV209,Bacteria,Proteobacteria,Alphaproteobacteria,Rhodobacterales,Rhodobacteraceae,NA,NA
ASV347,Bacteria,Bacteroidota,Bacteroidia,Flavobacteriales,Flavobacteriaceae,Flavobacterium,NA
ASV340,Bacteria,Bacteroidota,Bacteroidia,Flavobacteriales,Flavobacteriaceae,Flavobacterium,NA
ASV660,Bacteria,Bacteroidota,Bacteroidia,Flavobacteriales,Flavobacteriaceae,Flavobacterium,NA
ASV134,Bacteria,Bacteroidota,Bacteroidia,Flavobacteriales,Flavobacteriaceae,Flavobacterium,NA
ASV93,Bacteria,Proteobacteria,Gammaproteobacteria,Alteromonadales,Alteromonadaceae,Rheinheimera,NA
ASV335,Bacteria,Bacteroidota,Bacteroidia,Flavobacteriales,Flavobacteriaceae,Flavobacterium,NA
ASV146,Bacteria,Proteobacteria,Alphaproteobacteria,Rhodobacterales,Rhodobacteraceae,Rhodobacter,NA
ASV841,Bacteria,Bacteroidota,Bacteroidia,Cytophagales,Spirosomaceae,Lacihabitans,NA
ASV283,Bacteria,Planctomycetota,Planctomycetes,Pirellulales,Pirellulaceae,Pirellula,NA
ASV467,Bacteria,Bacteroidota,Bacteroidia,Flavobacteriales,Flavobacteriaceae,Flavobacterium,NA
ASV3,Bacteria,Bacteroidota,Bacteroidia,Sphingobacteriales,NS11-12 marine group,NA,NA
ASV770,Bacteria,Bacteroidota,Bacteroidia,Flavobacteriales,Flavobacteriaceae,Flavobacterium,NA
ASV170,Bacteria,Bacteroidota,Bacteroidia,Flavobacteriales,Flavobacteriaceae,Flavobacterium,NA
ASV519,Bacteria,Proteobacteria,Alphaproteobacteria,Caulobacterales,Hyphomonadaceae,Hyphomonas,NA
ASV119,Bacteria,Bacteroidota,Bacteroidia,Flavobacteriales,Flavobacteriaceae,Flavobacterium,NA
ASV367,Bacteria,Proteobacteria,Alphaproteobacteria,Rickettsiales,Rickettsiaceae,Rickettsia,NA
ASV116,Bacteria,Bacteroidota,Bacteroidia,Flavobacteriales,Flavobacteriaceae,Flavobacterium,NA
ASV195,Bacteria,Bacteroidota,Bacteroidia,Flavobacteriales,Flavobacteriaceae,Flavobacterium,NA
ASV604,Bacteria,Bacteroidota,Bacteroidia,Flavobacteriales,Flavobacteriaceae,Flavobacterium,NA
ASV281,Bacteria,Bacteroidota,Bacteroidia,Flavobacteriales,Flavobacteriaceae,Flavobacterium,NA
ASV557,Bacteria,Proteobacteria,Gammaproteobacteria,Xanthomonadales,Xanthomonadaceae,Lysobacter,NA
ASV73,Bacteria,Bacteroidota,Bacteroidia,Flavobacteriales,Flavobacteriaceae,Flavobacterium,NA
ASV194,Bacteria,Bacteroidota,Bacteroidia,Flavobacteriales,Flavobacteriaceae,Flavobacterium,NA
ASV475,Bacteria,Verrucomicrobiota,Verrucomicrobiae,Verrucomicrobiales,Rubritaleaceae,Rubritalea,NA
ASV292,Bacteria,Bacteroidota,Bacteroidia,Flavobacteriales,Flavobacteriaceae,NA,NA
ASV243,Bacteria,Proteobacteria,Alphaproteobacteria,Rhodobacterales,Rhodobacteraceae,NA,NA
ASV288,Bacteria,Armatimonadota,Armatimonadia,Armatimonadales,Armatimonadaceae,Armatimonas,NA
ASV369,Bacteria,Bacteroidota,Bacteroidia,Flavobacteriales,Flavobacteriaceae,Flavobacterium,NA
ASV505,Bacteria,Proteobacteria,Gammaproteobacteria,Burkholderiales,Methylophilaceae,Methylotenera,NA
ASV416,Bacteria,Bacteroidota,Bacteroidia,Flavobacteriales,Flavobacteriaceae,Flavobacterium,NA
ASV427,Bacteria,Planctomycetota,Planctomycetes,Pirellulales,Pirellulaceae,Pirellula,NA
ASV355,Bacteria,Bacteroidota,Bacteroidia,Flavobacteriales,Flavobacteriaceae,Flavobacterium,NA
ASV626,Bacteria,Proteobacteria,Gammaproteobacteria,Burkholderiales,Methylophilaceae,Methylotenera,NA
ASV392,Bacteria,Bacteroidota,Bacteroidia,Flavobacteriales,Flavobacteriaceae,Flavobacterium,NA
ASV187,Bacteria,Bacteroidota,Bacteroidia,Flavobacteriales,Flavobacteriaceae,NA,NA
ASV527,Bacteria,Proteobacteria,Alphaproteobacteria,Caulobacterales,Hyphomonadaceae,Hyphomonas,NA
ASV149,Bacteria,Proteobacteria,Gammaproteobacteria,Xanthomonadales,Xanthomonadaceae,Lysobacter,NA
ASV196,Bacteria,Bacteroidota,Bacteroidia,Flavobacteriales,Flavobacteriaceae,Flavobacterium,NA
ASV20,Bacteria,Bacteroidota,Bacteroidia,Sphingobacteriales,LiUU-11-161,NA,NA
ASV264,Bacteria,Bacteroidota,Bacteroidia,Sphingobacteriales,env.OPS 17,NA,NA
ASV304,Bacteria,Bacteroidota,Bacteroidia,Flavobacteriales,Flavobacteriaceae,Flavobacterium,NA
ASV189,Bacteria,Proteobacteria,Alphaproteobacteria,Sphingomonadales,Sphingomonadaceae,Sphingopyxis,NA
ASV615,Bacteria,Proteobacteria,Gammaproteobacteria,Xanthomonadales,Xanthomonadaceae,Lysobacter,NA
ASV232,Bacteria,Bacteroidota,Bacteroidia,Sphingobacteriales,NS11-12 marine group,NA,NA
ASV549,Bacteria,Bacteroidota,Bacteroidia,Flavobacteriales,Flavobacteriaceae,Flavobacterium,NA
ASV598,Bacteria,Bacteroidota,Bacteroidia,Flavobacteriales,Flavobacteriaceae,Flavobacterium,NA
ASV153,Bacteria,Bacteroidota,Bacteroidia,Flavobacteriales,Flavobacteriaceae,Flavobacterium,NA
ASV289,Bacteria,Proteobacteria,Gammaproteobacteria,Xanthomonadales,Xanthomonadaceae,Lysobacter,NA
ASV600,Bacteria,Bacteroidota,Bacteroidia,Flavobacteriales,Flavobacteriaceae,Flavobacterium,NA
ASV400,Bacteria,Armatimonadota,Armatimonadia,Armatimonadales,Armatimonadaceae,Armatimonas,NA
ASV383,Bacteria,Bacteroidota,Bacteroidia,Flavobacteriales,Flavobacteriaceae,Flavobacterium,NA
ASV452,Bacteria,Bacteroidota,Bacteroidia,Flavobacteriales,Flavobacteriaceae,Flavobacterium,NA
ASV320,Bacteria,Bacteroidota,Bacteroidia,Flavobacteriales,Flavobacteriaceae,Flavobacterium,NA
ASV60,Bacteria,Planctomycetota,Planctomycetes,Pirellulales,Pirellulaceae,Pirellula,NA
ASV254,Bacteria,Armatimonadota,Armatimonadia,Armatimonadales,Armatimonadaceae,Armatimonas,NA
ASV233,Bacteria,Bacteroidota,Bacteroidia,Sphingobacteriales,NS11-12 marine group,NA,NA
ASV397,Bacteria,Proteobacteria,Gammaproteobacteria,Xanthomonadales,Xanthomonadaceae,Lysobacter,NA
ASV533,Bacteria,Bacteroidota,Bacteroidia,Flavobacteriales,Flavobacteriaceae,Flavobacterium,NA
ASV597,Bacteria,Bacteroidota,Bacteroidia,Flavobacteriales,Flavobacteriaceae,NA,NA
ASV224,Bacteria,Proteobacteria,Alphaproteobacteria,Rickettsiales,Rickettsiaceae,Rickettsia,NA
ASV213,Bacteria,Bacteroidota,Bacteroidia,Flavobacteriales,Flavobacteriaceae,Flavobacterium,NA
ASV226,Bacteria,Proteobacteria,Alphaproteobacteria,Rhodobacterales,Rhodobacteraceae,NA,NA
ASV478,Bacteria,Bacteroidota,Bacteroidia,Flavobacteriales,Flavobacteriaceae,Flavobacterium,NA
ASV204,Bacteria,Bacteroidota,Bacteroidia,Flavobacteriales,Flavobacteriaceae,NA,NA
ASV167,Bacteria,Bacteroidota,Bacteroidia,Flavobacteriales,Flavobacteriaceae,NA,NA
ASV737,Bacteria,Bacteroidota,Bacteroidia,Flavobacteriales,Flavobacteriaceae,Flavobacterium,NA
ASV260,Bacteria,Bacteroidota,Bacteroidia,Chitinophagales,Saprospiraceae,Haliscomenobacter,NA
ASV280,Bacteria,Planctomycetota,Planctomycetes,Pirellulales,Pirellulaceae,Pirellula,NA
ASV266,Bacteria,Bacteroidota,Bacteroidia,Flavobacteriales,Flavobacteriaceae,Flavobacterium,NA
ASV300,Bacteria,Bacteroidota,Bacteroidia,Cytophagales,Spirosomaceae,Lacihabitans,NA
ASV198,Bacteria,Proteobacteria,Alphaproteobacteria,Sphingomonadales,Sphingomonadaceae,Sphingopyxis,NA
ASV419,Bacteria,Bacteroidota,Bacteroidia,Sphingobacteriales,Sphingobacteriaceae,Solitalea,NA
ASV402,Bacteria,Proteobacteria,Alphaproteobacteria,Sphingomonadales,Sphingomonadaceae,NA,NA
ASV753,Bacteria,Bacteroidota,Bacteroidia,Flavobacteriales,Flavobacteriaceae,Flavobacterium,NA
ASV399,Bacteria,Bacteroidota,Bacteroidia,Flavobacteriales,Flavobacteriaceae,Flavobacterium,NA
ASV477,Bacteria,Proteobacteria,Alphaproteobacteria,Caulobacterales,Hyphomonadaceae,Hyphomonas,NA
ASV616,Bacteria,Bacteroidota,Bacteroidia,Flavobacteriales,Flavobacteriaceae,NA,NA
ASV451,Bacteria,Proteobacteria,Gammaproteobacteria,Burkholderiales,Methylophilaceae,Methylotenera,NA
ASV381,Bacteria,Bacteroidota,Bacteroidia,Flavobacteriales,Flavobacteriaceae,Flavobacterium,NA
ASV168,Bacteria,Proteobacteria,Alphaproteobacteria,Caulobacterales,Hyphomonadaceae,Hyphomonas,NA
ASV917,Bacteria,Proteobacteria,Alphaproteobacteria,Caulobacterales,Hyphomonadaceae,Hyphomonas,NA
ASV269,Bacteria,Bacteroidota,Bacteroidia,Sphingobacteriales,NS11-12 marine group,NA,NA
ASV395,Bacteria,Bacteroidota,Bacteroidia,Flavobacteriales,Flavobacteriaceae,Flavobacterium,NA
ASV242,Bacteria,Planctomycetota,Planctomycetes,Pirellulales,Pirellulaceae,Pirellula,NA
ASV766,Bacteria,Bacteroidota,Bacteroidia,Flavobacteriales,Flavobacteriaceae,Flavobacterium,NA
ASV17,Bacteria,Proteobacteria,Alphaproteobacteria,Rickettsiales,Rickettsiaceae,NA,NA
ASV352,Bacteria,Proteobacteria,Alphaproteobacteria,Sphingomonadales,Sphingomonadaceae,Sphingopyxis,NA
ASV470,Bacteria,Proteobacteria,Gammaproteobacteria,Xanthomonadales,Xanthomonadaceae,Lysobacter,NA
ASV610,Bacteria,Bacteroidota,Bacteroidia,Chitinophagales,Saprospiraceae,Haliscomenobacter,NA
ASV252,Bacteria,Bacteroidota,Bacteroidia,Sphingobacteriales,NS11-12 marine group,NA,NA
ASV42,Bacteria,Bacteroidota,Bacteroidia,Flavobacteriales,NS9 marine group,NA,NA
ASV53,Bacteria,Proteobacteria,Gammaproteobacteria,Xanthomonadales,Xanthomonadaceae,Arenimonas,NA
ASV628,Bacteria,Bacteroidota,Bacteroidia,Flavobacteriales,Flavobacteriaceae,Flavobacterium,NA
ASV592,Bacteria,Proteobacteria,Gammaproteobacteria,Xanthomonadales,Xanthomonadaceae,Lysobacter,NA
ASV131,Bacteria,Proteobacteria,Alphaproteobacteria,Sphingomonadales,Sphingomonadaceae,Rhizorhapis,NA
ASV847,Bacteria,Bacteroidota,Bacteroidia,Cytophagales,Spirosomaceae,Lacihabitans,NA
ASV659,Bacteria,Bacteroidota,Bacteroidia,Flavobacteriales,Flavobacteriaceae,NA,NA
ASV479,Bacteria,Bacteroidota,Bacteroidia,Chitinophagales,Saprospiraceae,Haliscomenobacter,NA
ASV487,Bacteria,Bacteroidota,Bacteroidia,Flavobacteriales,Flavobacteriaceae,Flavobacterium,NA
ASV434,Bacteria,Bacteroidota,Bacteroidia,Sphingobacteriales,NS11-12 marine group,NA,NA
ASV122,Bacteria,Planctomycetota,Planctomycetes,Pirellulales,Pirellulaceae,Pirellula,NA
ASV176,Bacteria,Bacteroidota,Bacteroidia,Flavobacteriales,Flavobacteriaceae,Flavobacterium,NA
ASV577,Bacteria,Bacteroidota,Bacteroidia,Flavobacteriales,Flavobacteriaceae,Flavobacterium,NA
ASV436,Bacteria,Proteobacteria,Alphaproteobacteria,Rickettsiales,Rickettsiaceae,Rickettsia,NA
ASV246,Bacteria,Bacteroidota,Bacteroidia,Flavobacteriales,Flavobacteriaceae,Flavobacterium,NA
ASV647,Bacteria,Bacteroidota,Bacteroidia,Flavobacteriales,Flavobacteriaceae,NA,NA
ASV769,Bacteria,Bacteroidota,Bacteroidia,Flavobacteriales,Flavobacteriaceae,Flavobacterium,NA
ASV393,Bacteria,Bacteroidota,Bacteroidia,Flavobacteriales,Flavobacteriaceae,Flavobacterium,NA
ASV853,Bacteria,Bacteroidota,Bacteroidia,Flavobacteriales,Flavobacteriaceae,Flavobacterium,NA
ASV483,Bacteria,Bacteroidota,Bacteroidia,Cytophagales,Spirosomaceae,Lacihabitans,NA
ASV608,Bacteria,Bacteroidota,Bacteroidia,Flavobacteriales,Flavobacteriaceae,Flavobacterium,NA
ASV380,Bacteria,Bacteroidota,Bacteroidia,Cytophagales,Spirosomaceae,Lacihabitans,NA
ASV591,Bacteria,Bacteroidota,Bacteroidia,Chitinophagales,Saprospiraceae,Haliscomenobacter,NA
ASV152,Bacteria,Bacteroidota,Bacteroidia,Flavobacteriales,Flavobacteriaceae,Flavobacterium,NA
ASV450,Bacteria,Proteobacteria,Alphaproteobacteria,Caulobacterales,Hyphomonadaceae,Hyphomonas,NA
ASV331,Bacteria,Bacteroidota,Bacteroidia,Flavobacteriales,Flavobacteriaceae,Flavobacterium,NA
ASV216,Bacteria,Bacteroidota,Bacteroidia,Flavobacteriales,Flavobacteriaceae,Flavobacterium,NA
ASV338,Bacteria,Bacteroidota,Bacteroidia,Flavobacteriales,Crocinitomicaceae,Crocinitomix,NA
ASV876,Bacteria,Armatimonadota,Armatimonadia,Armatimonadales,Armatimonadaceae,Armatimonas,NA
ASV210,Bacteria,Bacteroidota,Bacteroidia,Chitinophagales,Saprospiraceae,Haliscomenobacter,NA
ASV584,Bacteria,Proteobacteria,Alphaproteobacteria,Sphingomonadales,Sphingomonadaceae,Sphingopyxis,NA
ASV552,Bacteria,Proteobacteria,Gammaproteobacteria,Xanthomonadales,Xanthomonadaceae,Lysobacter,NA
ASV776,Bacteria,Bacteroidota,Bacteroidia,Flavobacteriales,Flavobacteriaceae,Flavobacterium,NA
ASV682,Bacteria,Proteobacteria,Alphaproteobacteria,Caulobacterales,Hyphomonadaceae,Hyphomonas,NA
ASV74,Bacteria,Armatimonadota,Armatimonadia,Armatimonadales,Armatimonadaceae,Armatimonas,NA
ASV558,Bacteria,Bacteroidota,Bacteroidia,Flavobacteriales,Flavobacteriaceae,Flavobacterium,NA
ASV228,Bacteria,Proteobacteria,Gammaproteobacteria,Xanthomonadales,Xanthomonadaceae,Lysobacter,NA
ASV143,Bacteria,Proteobacteria,Alphaproteobacteria,Rhodobacterales,Rhodobacteraceae,Rhodobacter,NA
ASV495,Bacteria,Proteobacteria,Alphaproteobacteria,Caulobacterales,Hyphomonadaceae,Hyphomonas,NA
ASV696,Bacteria,Bacteroidota,Bacteroidia,Sphingobacteriales,Sphingobacteriaceae,Solitalea,NA
ASV811,Bacteria,Bacteroidota,Bacteroidia,Flavobacteriales,Flavobacteriaceae,Flavobacterium,NA
ASV376,Bacteria,Bacteroidota,Bacteroidia,Flavobacteriales,Flavobacteriaceae,Flavobacterium,NA
ASV137,Bacteria,Bacteroidota,Bacteroidia,Cytophagales,Cyclobacteriaceae,NA,NA
ASV286,Bacteria,Proteobacteria,Gammaproteobacteria,Xanthomonadales,Xanthomonadaceae,Lysobacter,NA
ASV255,Bacteria,Bacteroidota,Bacteroidia,Flavobacteriales,Flavobacteriaceae,Flavobacterium,NA
ASV205,Bacteria,Proteobacteria,Alphaproteobacteria,Caulobacterales,Hyphomonadaceae,Hyphomonas,NA
ASV319,Bacteria,Bacteroidota,Bacteroidia,Flavobacteriales,Flavobacteriaceae,Flavobacterium,NA
ASV714,Bacteria,Bacteroidota,Bacteroidia,Flavobacteriales,Flavobacteriaceae,Flavobacterium,NA
ASV309,Bacteria,Proteobacteria,Gammaproteobacteria,Burkholderiales,Methylophilaceae,Methylotenera,NA
ASV150,Bacteria,Proteobacteria,Alphaproteobacteria,Rhodobacterales,Rhodobacteraceae,NA,NA
ASV387,Bacteria,Bacteroidota,Bacteroidia,Chitinophagales,Saprospiraceae,Haliscomenobacter,NA
ASV617,Bacteria,Bacteroidota,Bacteroidia,Flavobacteriales,Flavobacteriaceae,Flavobacterium,NA
ASV744,Bacteria,Bacteroidota,Bacteroidia,Flavobacteriales,Flavobacteriaceae,Flavobacterium,NA
ASV897,Bacteria,Bacteroidota,Bacteroidia,Flavobacteriales,Flavobacteriaceae,Flavobacterium,NA
ASV301,Bacteria,Bacteroidota,Bacteroidia,Flavobacteriales,Flavobacteriaceae,Flavobacterium,NA
ASV227,Bacteria,Bacteroidota,Bacteroidia,Flavobacteriales,Flavobacteriaceae,NA,NA
ASV442,Bacteria,Bacteroidota,Bacteroidia,Flavobacteriales,Flavobacteriaceae,Flavobacterium,NA
ASV640,Bacteria,Bacteroidota,Bacteroidia,Flavobacteriales,Flavobacteriaceae,Flavobacterium,NA
ASV211,Bacteria,Armatimonadota,Armatimonadia,Armatimonadales,Armatimonadaceae,Armatimonas,NA
ASV396,Bacteria,Bacteroidota,Bacteroidia,Chitinophagales,Saprospiraceae,Haliscomenobacter,NA
ASV667,Bacteria,Bacteroidota,Bacteroidia,Flavobacteriales,Flavobacteriaceae,Flavobacterium,NA
ASV510,Bacteria,Bacteroidota,Bacteroidia,Flavobacteriales,Flavobacteriaceae,Flavobacterium,NA
ASV457,Bacteria,Proteobacteria,Gammaproteobacteria,Xanthomonadales,Xanthomonadaceae,Lysobacter,NA
ASV148,Bacteria,Cyanobacteria,Cyanobacteriia,Synechococcales,Cyanobiaceae,Cyanobium PCC-6307,NA
ASV653,Bacteria,Bacteroidota,Bacteroidia,Flavobacteriales,Flavobacteriaceae,Flavobacterium,NA
ASV754,Bacteria,Bacteroidota,Bacteroidia,Flavobacteriales,Flavobacteriaceae,Flavobacterium,NA
ASV830,Bacteria,Proteobacteria,Gammaproteobacteria,Burkholderiales,Comamonadaceae,NA,NA
ASV465,Bacteria,Bacteroidota,Bacteroidia,Flavobacteriales,Flavobacteriaceae,Flavobacterium,NA
ASV575,Bacteria,Proteobacteria,Gammaproteobacteria,Burkholderiales,Methylophilaceae,Methylotenera,NA
ASV642,Bacteria,Bacteroidota,Bacteroidia,Cytophagales,Spirosomaceae,Lacihabitans,NA
ASV308,Bacteria,Bacteroidota,Bacteroidia,Flavobacteriales,Flavobacteriaceae,Flavobacterium,NA
ASV129,Bacteria,Planctomycetota,Planctomycetes,Pirellulales,Pirellulaceae,Pirellula,NA
ASV120,Bacteria,Bacteroidota,Bacteroidia,Flavobacteriales,Flavobacteriaceae,Flavobacterium,NA
ASV711,Bacteria,Bacteroidota,Bacteroidia,Flavobacteriales,Flavobacteriaceae,Flavobacterium,NA
ASV408,Bacteria,Bacteroidota,Bacteroidia,Cytophagales,Spirosomaceae,Lacihabitans,NA
ASV601,Bacteria,Proteobacteria,Alphaproteobacteria,Sphingomonadales,Sphingomonadaceae,NA,NA
ASV100,Bacteria,Proteobacteria,Alphaproteobacteria,Rhodobacterales,Rhodobacteraceae,NA,NA
ASV923,Bacteria,Bacteroidota,Bacteroidia,Flavobacteriales,Flavobacteriaceae,Flavobacterium,NA
ASV372,Bacteria,Bacteroidota,Bacteroidia,Sphingobacteriales,Sphingobacteriaceae,Solitalea,NA
ASV455,Bacteria,Bacteroidota,Bacteroidia,Flavobacteriales,Flavobacteriaceae,Flavobacterium,NA
ASV581,Bacteria,Bacteroidota,Bacteroidia,Flavobacteriales,Flavobacteriaceae,Flavobacterium,NA
ASV697,Bacteria,Bacteroidota,Bacteroidia,Flavobacteriales,Flavobacteriaceae,Flavobacterium,NA
ASV164,Bacteria,Bacteroidota,Bacteroidia,Chitinophagales,Saprospiraceae,Haliscomenobacter,NA
ASV235,Bacteria,Planctomycetota,Planctomycetes,Pirellulales,Pirellulaceae,Pirellula,NA
ASV752,Bacteria,Bacteroidota,Bacteroidia,Cytophagales,Spirosomaceae,Lacihabitans,NA
ASV583,Bacteria,Proteobacteria,Gammaproteobacteria,Burkholderiales,Methylophilaceae,Methylotenera,NA
ASV509,Bacteria,Proteobacteria,Alphaproteobacteria,Caulobacterales,Hyphomonadaceae,Hyphomonas,NA
ASV262,Bacteria,Bacteroidota,Bacteroidia,Chitinophagales,Chitinophagaceae,Rurimicrobium,NA
ASV212,Bacteria,Bacteroidota,Bacteroidia,Flavobacteriales,Flavobacteriaceae,Flavobacterium,NA
ASV779,Bacteria,Bacteroidota,Bacteroidia,Flavobacteriales,Flavobacteriaceae,NA,NA
ASV621,Bacteria,Proteobacteria,Alphaproteobacteria,Caulobacterales,Hyphomonadaceae,Hyphomonas,NA
ASV1044,Bacteria,Bacteroidota,Bacteroidia,Flavobacteriales,Flavobacteriaceae,Flavobacterium,NA
ASV151,Bacteria,Bacteroidota,Bacteroidia,Flavobacteriales,Flavobacteriaceae,Flavobacterium,NA
ASV578,Bacteria,Armatimonadota,Armatimonadia,Armatimonadales,Armatimonadaceae,Armatimonas,NA
ASV543,Bacteria,Proteobacteria,Alphaproteobacteria,Caulobacterales,Hyphomonadaceae,Hyphomonas,NA
ASV646,Bacteria,Bacteroidota,Bacteroidia,Cytophagales,Spirosomaceae,Lacihabitans,NA
ASV277,Bacteria,Bacteroidota,Bacteroidia,Flavobacteriales,Flavobacteriaceae,Flavobacterium,NA
ASV806,Bacteria,Bacteroidota,Bacteroidia,Chitinophagales,Saprospiraceae,Haliscomenobacter,NA
ASV234,Bacteria,Bacteroidota,Bacteroidia,Sphingobacteriales,NS11-12 marine group,NA,NA
ASV605,Bacteria,Proteobacteria,Gammaproteobacteria,Burkholderiales,Methylophilaceae,Methylotenera,NA
ASV669,Bacteria,Bacteroidota,Bacteroidia,Flavobacteriales,Flavobacteriaceae,Flavobacterium,NA
ASV306,Bacteria,Planctomycetota,Planctomycetes,Pirellulales,Pirellulaceae,Pirellula,NA
ASV582,Bacteria,Proteobacteria,Alphaproteobacteria,Caulobacterales,Hyphomonadaceae,Hyphomonas,NA
ASV413,Bacteria,Bacteroidota,Bacteroidia,Flavobacteriales,Flavobacteriaceae,NA,NA
ASV630,Bacteria,Bacteroidota,Bacteroidia,Flavobacteriales,Flavobacteriaceae,Flavobacterium,NA
ASV491,Bacteria,Bacteroidota,Bacteroidia,Flavobacteriales,Flavobacteriaceae,Flavobacterium,NA
ASV622,Bacteria,Bacteroidota,Bacteroidia,Flavobacteriales,Flavobacteriaceae,Flavobacterium,NA
ASV704,Bacteria,Proteobacteria,Alphaproteobacteria,Sphingomonadales,Sphingomonadaceae,Sphingopyxis,NA
ASV415,Bacteria,Bacteroidota,Bacteroidia,Flavobacteriales,Flavobacteriaceae,Flavobacterium,NA
ASV518,Bacteria,Proteobacteria,Alphaproteobacteria,Caulobacterales,Hyphomonadaceae,Hyphomonas,NA
ASV253,Bacteria,Bacteroidota,Bacteroidia,Flavobacteriales,Flavobacteriaceae,Flavobacterium,NA
ASV988,Bacteria,Bacteroidota,Bacteroidia,Flavobacteriales,Flavobacteriaceae,Flavobacterium,NA
ASV315,Bacteria,Bacteroidota,Bacteroidia,Chitinophagales,Saprospiraceae,Haliscomenobacter,NA
ASV466,Bacteria,Proteobacteria,Alphaproteobacteria,Rickettsiales,Rickettsiaceae,Rickettsia,NA
ASV1126,Bacteria,Bacteroidota,Bacteroidia,Flavobacteriales,Flavobacteriaceae,Flavobacterium,NA
ASV312,Bacteria,Bacteroidota,Bacteroidia,Flavobacteriales,Flavobacteriaceae,Flavobacterium,NA
ASV248,Bacteria,Proteobacteria,Alphaproteobacteria,Sphingomonadales,Sphingomonadaceae,Sphingopyxis,NA
ASV486,Bacteria,Proteobacteria,Gammaproteobacteria,Burkholderiales,Comamonadaceae,NA,NA
ASV443,Bacteria,Proteobacteria,Alphaproteobacteria,Sphingomonadales,Sphingomonadaceae,Porphyrobacter,NA
ASV515,Bacteria,Proteobacteria,Gammaproteobacteria,Xanthomonadales,Xanthomonadaceae,Lysobacter,NA
ASV756,Bacteria,Bacteroidota,Bacteroidia,Chitinophagales,Saprospiraceae,Haliscomenobacter,NA
ASV614,Bacteria,Bacteroidota,Bacteroidia,Flavobacteriales,Flavobacteriaceae,Flavobacterium,NA
ASV357,Bacteria,Proteobacteria,Alphaproteobacteria,Sphingomonadales,Sphingomonadaceae,Sphingopyxis,NA
ASV75,Bacteria,Proteobacteria,Alphaproteobacteria,Sphingomonadales,Sphingomonadaceae,Sphingopyxis,NA
ASV972,Bacteria,Bacteroidota,Bacteroidia,Flavobacteriales,Flavobacteriaceae,Flavobacterium,NA
ASV469,Bacteria,Planctomycetota,Planctomycetes,Pirellulales,Pirellulaceae,Pirellula,NA
ASV386,Bacteria,Bacteroidota,Bacteroidia,Flavobacteriales,Flavobacteriaceae,Flavobacterium,NA
ASV587,Bacteria,Bacteroidota,Bacteroidia,Flavobacteriales,Flavobacteriaceae,Flavobacterium,NA
ASV251,Bacteria,Bacteroidota,Bacteroidia,Flavobacteriales,Flavobacteriaceae,NA,NA
ASV421,Bacteria,Bacteroidota,Bacteroidia,Flavobacteriales,Flavobacteriaceae,Flavobacterium,NA
ASV790,Bacteria,Proteobacteria,Gammaproteobacteria,Burkholderiales,Methylophilaceae,Methylotenera,NA
ASV700,Bacteria,Bacteroidota,Bacteroidia,Flavobacteriales,Flavobacteriaceae,Flavobacterium,NA
ASV814,Bacteria,Bacteroidota,Bacteroidia,Flavobacteriales,Flavobacteriaceae,Flavobacterium,NA
ASV341,Bacteria,Proteobacteria,Alphaproteobacteria,Sphingomonadales,Sphingomonadaceae,Sphingopyxis,NA
ASV1120,Bacteria,Bacteroidota,Bacteroidia,Flavobacteriales,Flavobacteriaceae,Flavobacterium,NA
ASV777,Bacteria,Bacteroidota,Bacteroidia,Cytophagales,Spirosomaceae,Lacihabitans,NA
ASV635,Bacteria,Bacteroidota,Bacteroidia,Flavobacteriales,Flavobacteriaceae,Flavobacterium,NA
ASV418,Bacteria,Bacteroidota,Bacteroidia,Flavobacteriales,Flavobacteriaceae,Flavobacterium,NA
ASV169,Bacteria,Proteobacteria,Alphaproteobacteria,Rhodobacterales,Rhodobacteraceae,Rhodobacter,NA
ASV649,Bacteria,Bacteroidota,Bacteroidia,Sphingobacteriales,Sphingobacteriaceae,Solitalea,NA
ASV802,Bacteria,Bacteroidota,Bacteroidia,Flavobacteriales,Flavobacteriaceae,Flavobacterium,NA
ASV544,Bacteria,Bacteroidota,Bacteroidia,Cytophagales,Spirosomaceae,Lacihabitans,NA
ASV820,Bacteria,Bacteroidota,Bacteroidia,Cytophagales,Spirosomaceae,Lacihabitans,NA
ASV922,Bacteria,Bacteroidota,Bacteroidia,Flavobacteriales,Flavobacteriaceae,Flavobacterium,NA
ASV556,Bacteria,Bacteroidota,Bacteroidia,Cytophagales,Spirosomaceae,Lacihabitans,NA
ASV488,Bacteria,Bacteroidota,Bacteroidia,Flavobacteriales,Flavobacteriaceae,Flavobacterium,NA
ASV417,Bacteria,Bacteroidota,Bacteroidia,Flavobacteriales,Flavobacteriaceae,Flavobacterium,NA
ASV458,Bacteria,Proteobacteria,Alphaproteobacteria,Caulobacterales,Hyphomonadaceae,Hyphomonas,NA
ASV985,Bacteria,Proteobacteria,Alphaproteobacteria,Rickettsiales,Rickettsiaceae,Rickettsia,NA
ASV329,Bacteria,Proteobacteria,Gammaproteobacteria,Xanthomonadales,Xanthomonadaceae,Lysobacter,NA
ASV899,Bacteria,Proteobacteria,Alphaproteobacteria,Sphingomonadales,Sphingomonadaceae,Sphingopyxis,NA
ASV1022,Bacteria,Bacteroidota,Bacteroidia,Flavobacteriales,Flavobacteriaceae,Flavobacterium,NA
ASV611,Bacteria,Proteobacteria,Alphaproteobacteria,Sphingomonadales,Sphingomonadaceae,Sphingopyxis,NA
ASV405,Bacteria,Armatimonadota,Armatimonadia,Armatimonadales,Armatimonadaceae,Armatimonas,NA
ASV278,Bacteria,Bacteroidota,Bacteroidia,Flavobacteriales,Flavobacteriaceae,Flavobacterium,NA
ASV373,Bacteria,Bacteroidota,Bacteroidia,Sphingobacteriales,NS11-12 marine group,NA,NA
ASV284,Bacteria,Bacteroidota,Bacteroidia,Flavobacteriales,Flavobacteriaceae,Flavobacterium,NA
ASV721,Bacteria,Proteobacteria,Alphaproteobacteria,Caulobacterales,Hyphomonadaceae,Hyphomonas,NA
ASV61,Bacteria,Proteobacteria,Alphaproteobacteria,Reyranellales,Reyranellaceae,Reyranella,NA
ASV528,Bacteria,Proteobacteria,Alphaproteobacteria,Sphingomonadales,Sphingomonadaceae,Sphingopyxis,NA
ASV501,Bacteria,Proteobacteria,Gammaproteobacteria,Burkholderiales,Methylophilaceae,Methylotenera,NA
ASV786,Bacteria,Proteobacteria,Alphaproteobacteria,Sphingomonadales,Sphingomonadaceae,NA,NA
ASV201,Bacteria,Proteobacteria,Alphaproteobacteria,Sphingomonadales,Sphingomonadaceae,Porphyrobacter,NA
ASV567,Bacteria,Proteobacteria,Alphaproteobacteria,Sphingomonadales,Sphingomonadaceae,Sphingopyxis,NA
ASV698,Bacteria,Bacteroidota,Bacteroidia,Cytophagales,Spirosomaceae,Lacihabitans,NA
ASV272,Bacteria,Proteobacteria,Alphaproteobacteria,Caulobacterales,Hyphomonadaceae,Hyphomonas,NA
ASV731,Bacteria,Bacteroidota,Bacteroidia,Flavobacteriales,Flavobacteriaceae,Flavobacterium,NA
ASV440,Bacteria,Bacteroidota,Bacteroidia,Cytophagales,Spirosomaceae,Lacihabitans,NA
ASV586,Bacteria,Proteobacteria,Alphaproteobacteria,Caulobacterales,Hyphomonadaceae,Hyphomonas,NA
ASV1064,Bacteria,Bacteroidota,Bacteroidia,Flavobacteriales,Flavobacteriaceae,Flavobacterium,NA
ASV564,Bacteria,Bacteroidota,Bacteroidia,Flavobacteriales,Flavobacteriaceae,Flavobacterium,NA
ASV1051,Bacteria,Bacteroidota,Bacteroidia,Cytophagales,Spirosomaceae,Lacihabitans,NA
ASV96,Bacteria,Bdellovibrionota,Bdellovibrionia,Bdellovibrionales,Bdellovibrionaceae,Bdellovibrio,NA
ASV529,Bacteria,Bacteroidota,Bacteroidia,Flavobacteriales,Flavobacteriaceae,Flavobacterium,NA
ASV390,Bacteria,Bacteroidota,Bacteroidia,Flavobacteriales,Flavobacteriaceae,NA,NA
ASV801,Bacteria,Proteobacteria,Alphaproteobacteria,Sphingomonadales,Sphingomonadaceae,Porphyrobacter,NA
ASV538,Bacteria,Bacteroidota,Bacteroidia,Flavobacteriales,Flavobacteriaceae,Flavobacterium,NA
ASV803,Bacteria,Proteobacteria,Gammaproteobacteria,Burkholderiales,Methylophilaceae,Methylotenera,NA
ASV358,Bacteria,Proteobacteria,Alphaproteobacteria,Caulobacterales,Hyphomonadaceae,Hyphomonas,NA
ASV524,Bacteria,Bacteroidota,Bacteroidia,Flavobacteriales,Flavobacteriaceae,NA,NA
ASV944,Bacteria,Bacteroidota,Bacteroidia,Flavobacteriales,Flavobacteriaceae,Flavobacterium,NA
ASV154,Bacteria,Proteobacteria,Gammaproteobacteria,Alteromonadales,Alteromonadaceae,Rheinheimera,NA
ASV576,Bacteria,Bacteroidota,Bacteroidia,Flavobacteriales,Flavobacteriaceae,Flavobacterium,NA
ASV580,Bacteria,Bacteroidota,Bacteroidia,Flavobacteriales,Flavobacteriaceae,Flavobacterium,NA
ASV473,Bacteria,Bacteroidota,Bacteroidia,Flavobacteriales,Flavobacteriaceae,Flavobacterium,NA
ASV812,Bacteria,Bacteroidota,Bacteroidia,Flavobacteriales,Flavobacteriaceae,NA,NA
ASV540,Bacteria,Proteobacteria,Alphaproteobacteria,Caulobacterales,Hyphomonadaceae,Hyphomonas,NA
ASV585,Bacteria,Bacteroidota,Bacteroidia,Chitinophagales,Saprospiraceae,Haliscomenobacter,NA
ASV492,Bacteria,Proteobacteria,Gammaproteobacteria,Alteromonadales,Alteromonadaceae,Rheinheimera,NA
ASV449,Bacteria,Proteobacteria,Gammaproteobacteria,Alteromonadales,Alteromonadaceae,Rheinheimera,NA
ASV516,Bacteria,Bacteroidota,Bacteroidia,Flavobacteriales,Flavobacteriaceae,Flavobacterium,NA
ASV743,Bacteria,Proteobacteria,Alphaproteobacteria,Caulobacterales,Hyphomonadaceae,Hyphomonas,NA
ASV1078,Bacteria,Bacteroidota,Bacteroidia,Flavobacteriales,Flavobacteriaceae,Flavobacterium,NA
ASV503,Bacteria,Proteobacteria,Gammaproteobacteria,Burkholderiales,Methylophilaceae,Methylotenera,NA
ASV172,Bacteria,Bacteroidota,Bacteroidia,Flavobacteriales,Flavobacteriaceae,Flavobacterium,NA
ASV858,Bacteria,Bacteroidota,Bacteroidia,Flavobacteriales,Flavobacteriaceae,Flavobacterium,NA
ASV579,Bacteria,Bacteroidota,Bacteroidia,Flavobacteriales,Flavobacteriaceae,Flavobacterium,NA
ASV561,Bacteria,Proteobacteria,Alphaproteobacteria,Caulobacterales,Hyphomonadaceae,Hyphomonas,NA
ASV826,Bacteria,Bacteroidota,Bacteroidia,Flavobacteriales,Flavobacteriaceae,Flavobacterium,NA
ASV789,Bacteria,Bacteroidota,Bacteroidia,Flavobacteriales,Flavobacteriaceae,NA,NA
ASV307,Bacteria,Bacteroidota,Bacteroidia,Flavobacteriales,Flavobacteriaceae,Flavobacterium,NA
ASV1014,Bacteria,Bacteroidota,Bacteroidia,Chitinophagales,Saprospiraceae,Haliscomenobacter,NA
ASV702,Bacteria,Bacteroidota,Bacteroidia,Flavobacteriales,Flavobacteriaceae,Flavobacterium,NA
ASV263,Bacteria,Bacteroidota,Bacteroidia,Sphingobacteriales,Sphingobacteriaceae,Solitalea,NA
ASV602,Bacteria,Bacteroidota,Bacteroidia,Cytophagales,Spirosomaceae,Lacihabitans,NA
ASV1094,Bacteria,Bacteroidota,Bacteroidia,Cytophagales,Spirosomaceae,Lacihabitans,NA
ASV915,Bacteria,Armatimonadota,Armatimonadia,Armatimonadales,Armatimonadaceae,Armatimonas,NA
ASV1003,Bacteria,Bacteroidota,Bacteroidia,Cytophagales,Spirosomaceae,Lacihabitans,NA
ASV827,Bacteria,Bacteroidota,Bacteroidia,Flavobacteriales,Flavobacteriaceae,Flavobacterium,NA
ASV739,Bacteria,Bacteroidota,Bacteroidia,Flavobacteriales,Flavobacteriaceae,Flavobacterium,NA
ASV839,Bacteria,Proteobacteria,Gammaproteobacteria,Burkholderiales,Methylophilaceae,Methylotenera,NA
ASV1140,Bacteria,Bacteroidota,Bacteroidia,Flavobacteriales,Flavobacteriaceae,Flavobacterium,NA
ASV240,Bacteria,Proteobacteria,Alphaproteobacteria,Rhodobacterales,Rhodobacteraceae,NA,NA
ASV919,Bacteria,Bacteroidota,Bacteroidia,Cytophagales,Spirosomaceae,Lacihabitans,NA
ASV1105,Bacteria,Bacteroidota,Bacteroidia,Flavobacteriales,Flavobacteriaceae,Flavobacterium,NA
ASV655,Bacteria,Armatimonadota,Armatimonadia,Armatimonadales,Armatimonadaceae,Armatimonas,NA
ASV1073,Bacteria,Bacteroidota,Bacteroidia,Cytophagales,Spirosomaceae,Lacihabitans,NA
ASV535,Bacteria,Bacteroidota,Bacteroidia,Flavobacteriales,Flavobacteriaceae,Flavobacterium,NA
ASV882,Bacteria,Bacteroidota,Bacteroidia,Chitinophagales,Saprospiraceae,Haliscomenobacter,NA
ASV930,Bacteria,Proteobacteria,Alphaproteobacteria,Sphingomonadales,Sphingomonadaceae,Sphingopyxis,NA
ASV547,Bacteria,Bacteroidota,Bacteroidia,Cytophagales,Spirosomaceae,Lacihabitans,NA
ASV760,Bacteria,Bacteroidota,Bacteroidia,Flavobacteriales,Flavobacteriaceae,Flavobacterium,NA
ASV920,Bacteria,Bacteroidota,Bacteroidia,Flavobacteriales,Flavobacteriaceae,Flavobacterium,NA
ASV828,Bacteria,Bacteroidota,Bacteroidia,Cytophagales,Spirosomaceae,Lacihabitans,NA
ASV330,Bacteria,Bacteroidota,Bacteroidia,Flavobacteriales,Flavobacteriaceae,Flavobacterium,NA
ASV568,Bacteria,Bacteroidota,Bacteroidia,Flavobacteriales,Flavobacteriaceae,Flavobacterium,NA
ASV932,Bacteria,Proteobacteria,Alphaproteobacteria,Sphingomonadales,Sphingomonadaceae,Sphingopyxis,NA
ASV551,Bacteria,Bacteroidota,Bacteroidia,Flavobacteriales,Flavobacteriaceae,Flavobacterium,NA
ASV746,Bacteria,Bacteroidota,Bacteroidia,Flavobacteriales,Flavobacteriaceae,Flavobacterium,NA
ASV1096,Bacteria,Bacteroidota,Bacteroidia,Cytophagales,Spirosomaceae,Lacihabitans,NA
ASV736,Bacteria,Bacteroidota,Bacteroidia,Flavobacteriales,Flavobacteriaceae,Flavobacterium,NA
ASV880,Bacteria,Bacteroidota,Bacteroidia,Flavobacteriales,Flavobacteriaceae,NA,NA
ASV268,Bacteria,Bacteroidota,Bacteroidia,Flavobacteriales,Flavobacteriaceae,Flavobacterium,NA
ASV724,Bacteria,Bacteroidota,Bacteroidia,Flavobacteriales,Flavobacteriaceae,Flavobacterium,NA
ASV159,Bacteria,Bacteroidota,Bacteroidia,Flavobacteriales,Flavobacteriaceae,Flavobacterium,NA
ASV623,Bacteria,Bacteroidota,Bacteroidia,Flavobacteriales,Flavobacteriaceae,Flavobacterium,NA
ASV1095,Bacteria,Bacteroidota,Bacteroidia,Cytophagales,Spirosomaceae,Lacihabitans,NA
ASV507,Bacteria,Bacteroidota,Bacteroidia,Cytophagales,Spirosomaceae,Lacihabitans,NA
ASV220,Bacteria,Armatimonadota,Armatimonadia,Armatimonadales,Armatimonadaceae,Armatimonas,NA
ASV118,Bacteria,Proteobacteria,Gammaproteobacteria,Alteromonadales,Alteromonadaceae,Rheinheimera,NA
ASV949,Bacteria,Bacteroidota,Bacteroidia,Sphingobacteriales,Sphingobacteriaceae,Solitalea,NA
ASV978,Bacteria,Bacteroidota,Bacteroidia,Flavobacteriales,Flavobacteriaceae,Flavobacterium,NA
ASV1100,Bacteria,Bacteroidota,Bacteroidia,Flavobacteriales,Flavobacteriaceae,Flavobacterium,NA
ASV394,Bacteria,Proteobacteria,Alphaproteobacteria,Caulobacterales,Hyphomonadaceae,Hyphomonas,NA
ASV843,Bacteria,Bacteroidota,Bacteroidia,Flavobacteriales,Flavobacteriaceae,Flavobacterium,NA
ASV485,Bacteria,Proteobacteria,Gammaproteobacteria,Burkholderiales,Comamonadaceae,NA,NA
ASV845,Bacteria,Bacteroidota,Bacteroidia,Cytophagales,Spirosomaceae,Lacihabitans,NA
ASV998,Bacteria,Bacteroidota,Bacteroidia,Flavobacteriales,Flavobacteriaceae,Flavobacterium,NA
ASV905,Bacteria,Bacteroidota,Bacteroidia,Cytophagales,Spirosomaceae,Lacihabitans,NA
ASV927,Bacteria,Bacteroidota,Bacteroidia,Sphingobacteriales,Sphingobacteriaceae,Solitalea,NA
ASV353,Bacteria,Bacteroidota,Bacteroidia,Flavobacteriales,Flavobacteriaceae,Flavobacterium,NA
ASV310,Bacteria,Armatimonadota,Armatimonadia,Armatimonadales,Armatimonadaceae,Armatimonas,NA
ASV807,Bacteria,Proteobacteria,Alphaproteobacteria,Caulobacterales,Hyphomonadaceae,Hyphomonas,NA
ASV231,Bacteria,Proteobacteria,Gammaproteobacteria,Xanthomonadales,Xanthomonadaceae,Lysobacter,NA
ASV374,Bacteria,Bacteroidota,Bacteroidia,Sphingobacteriales,Sphingobacteriaceae,Solitalea,NA
ASV844,Bacteria,Bacteroidota,Bacteroidia,Flavobacteriales,Flavobacteriaceae,Flavobacterium,NA
ASV448,Bacteria,Bacteroidota,Bacteroidia,Flavobacteriales,Flavobacteriaceae,Flavobacterium,NA
ASV222,Bacteria,Bacteroidota,Bacteroidia,Sphingobacteriales,NS11-12 marine group,NA,NA
ASV796,Bacteria,Bacteroidota,Bacteroidia,Flavobacteriales,Flavobacteriaceae,Flavobacterium,NA
ASV1067,Bacteria,Bacteroidota,Bacteroidia,Cytophagales,Spirosomaceae,Lacihabitans,NA
ASV967,Bacteria,Bacteroidota,Bacteroidia,Flavobacteriales,Flavobacteriaceae,Flavobacterium,NA
ASV1057,Bacteria,Bacteroidota,Bacteroidia,Flavobacteriales,Flavobacteriaceae,Flavobacterium,NA
ASV625,Bacteria,Proteobacteria,Gammaproteobacteria,Alteromonadales,Alteromonadaceae,Rheinheimera,NA
ASV954,Bacteria,Bacteroidota,Bacteroidia,Cytophagales,Spirosomaceae,Lacihabitans,NA
ASV742,Bacteria,Bacteroidota,Bacteroidia,Flavobacteriales,Flavobacteriaceae,Flavobacterium,NA
ASV629,Bacteria,Bacteroidota,Bacteroidia,Flavobacteriales,Flavobacteriaceae,Flavobacterium,NA
ASV904,Bacteria,Bacteroidota,Bacteroidia,Cytophagales,Spirosomaceae,Lacihabitans,NA
ASV1164,Bacteria,Bacteroidota,Bacteroidia,Flavobacteriales,Flavobacteriaceae,Flavobacterium,NA
ASV871,Bacteria,Bacteroidota,Bacteroidia,Flavobacteriales,Flavobacteriaceae,Flavobacterium,NA
ASV675,Bacteria,Bacteroidota,Bacteroidia,Flavobacteriales,Flavobacteriaceae,NA,NA
ASV728,Bacteria,Bacteroidota,Bacteroidia,Flavobacteriales,Flavobacteriaceae,Flavobacterium,NA
ASV849,Bacteria,Bacteroidota,Bacteroidia,Flavobacteriales,Flavobacteriaceae,Flavobacterium,NA
ASV539,Bacteria,Bacteroidota,Bacteroidia,Flavobacteriales,Flavobacteriaceae,Flavobacterium,NA
ASV695,Bacteria,Bacteroidota,Bacteroidia,Flavobacteriales,Flavobacteriaceae,Flavobacterium,NA
ASV318,Bacteria,Bacteroidota,Bacteroidia,Flavobacteriales,Flavobacteriaceae,Flavobacterium,NA
ASV925,Bacteria,Proteobacteria,Alphaproteobacteria,Caulobacterales,Hyphomonadaceae,Hyphomonas,NA
ASV870,Bacteria,Proteobacteria,Gammaproteobacteria,Burkholderiales,Comamonadaceae,NA,NA
ASV818,Bacteria,Bacteroidota,Bacteroidia,Flavobacteriales,Flavobacteriaceae,Flavobacterium,NA
ASV864,Bacteria,Bacteroidota,Bacteroidia,Flavobacteriales,Flavobacteriaceae,Flavobacterium,NA
ASV672,Bacteria,Bacteroidota,Bacteroidia,Cytophagales,Spirosomaceae,Lacihabitans,NA
ASV541,Bacteria,Proteobacteria,Alphaproteobacteria,Caulobacterales,Hyphomonadaceae,Hyphomonas,NA
ASV173,Bacteria,Bacteroidota,Bacteroidia,Flavobacteriales,Flavobacteriaceae,Flavobacterium,NA
ASV613,Bacteria,Bacteroidota,Bacteroidia,Flavobacteriales,Flavobacteriaceae,Flavobacterium,NA
ASV618,Bacteria,Bacteroidota,Bacteroidia,Flavobacteriales,Flavobacteriaceae,Flavobacterium,NA
ASV526,Bacteria,Armatimonadota,Armatimonadia,Armatimonadales,Armatimonadaceae,Armatimonas,NA
ASV631,Bacteria,Bacteroidota,Bacteroidia,Flavobacteriales,Flavobacteriaceae,Flavobacterium,NA
ASV716,Bacteria,Bacteroidota,Bacteroidia,Chitinophagales,Saprospiraceae,Haliscomenobacter,NA
ASV688,Bacteria,Proteobacteria,Gammaproteobacteria,Xanthomonadales,Xanthomonadaceae,Lysobacter,NA
ASV1093,Bacteria,Bacteroidota,Bacteroidia,Chitinophagales,Saprospiraceae,Haliscomenobacter,NA
ASV1137,Bacteria,Bacteroidota,Bacteroidia,Cytophagales,Spirosomaceae,Lacihabitans,NA
ASV639,Bacteria,Bacteroidota,Bacteroidia,Flavobacteriales,Flavobacteriaceae,Flavobacterium,NA
ASV363,Bacteria,Proteobacteria,Gammaproteobacteria,Alteromonadales,Alteromonadaceae,Rheinheimera,NA
ASV994,Bacteria,Bacteroidota,Bacteroidia,Flavobacteriales,Flavobacteriaceae,Flavobacterium,NA
ASV555,Bacteria,Proteobacteria,Gammaproteobacteria,Xanthomonadales,Xanthomonadaceae,Lysobacter,NA
ASV810,Bacteria,Bacteroidota,Bacteroidia,Chitinophagales,Saprospiraceae,Haliscomenobacter,NA
ASV942,Bacteria,Bacteroidota,Bacteroidia,Flavobacteriales,Flavobacteriaceae,Flavobacterium,NA
ASV850,Bacteria,Bacteroidota,Bacteroidia,Flavobacteriales,Flavobacteriaceae,Flavobacterium,NA
ASV959,Bacteria,Bacteroidota,Bacteroidia,Flavobacteriales,Flavobacteriaceae,Flavobacterium,NA
ASV946,Bacteria,Bacteroidota,Bacteroidia,Flavobacteriales,Flavobacteriaceae,Flavobacterium,NA
ASV494,Bacteria,Bacteroidota,Bacteroidia,Flavobacteriales,Flavobacteriaceae,Flavobacterium,NA
ASV674,Bacteria,Proteobacteria,Alphaproteobacteria,Rhodobacterales,Rhodobacteraceae,Rhodobacter,NA
ASV773,Bacteria,Bacteroidota,Bacteroidia,Flavobacteriales,Flavobacteriaceae,Flavobacterium,NA
ASV1054,Bacteria,Bacteroidota,Bacteroidia,Flavobacteriales,Flavobacteriaceae,Flavobacterium,NA
ASV874,Bacteria,Bacteroidota,Bacteroidia,Cytophagales,Spirosomaceae,Lacihabitans,NA
ASV761,Bacteria,Bacteroidota,Bacteroidia,Flavobacteriales,Flavobacteriaceae,Flavobacterium,NA
ASV663,Bacteria,Bacteroidota,Bacteroidia,Flavobacteriales,Flavobacteriaceae,Flavobacterium,NA
ASV976,Bacteria,Bacteroidota,Bacteroidia,Flavobacteriales,Flavobacteriaceae,Flavobacterium,NA
ASV523,Bacteria,Planctomycetota,Planctomycetes,Pirellulales,Pirellulaceae,Pirellula,NA
ASV498,Bacteria,Proteobacteria,Alphaproteobacteria,Sphingomonadales,Sphingomonadaceae,Sphingopyxis,NA
ASV745,Bacteria,Bacteroidota,Bacteroidia,Flavobacteriales,Flavobacteriaceae,Flavobacterium,NA
ASV619,Bacteria,Armatimonadota,Armatimonadia,Armatimonadales,Armatimonadaceae,Armatimonas,NA
ASV1102,Bacteria,Bacteroidota,Bacteroidia,Flavobacteriales,Flavobacteriaceae,Flavobacterium,NA
ASV1070,Bacteria,Bacteroidota,Bacteroidia,Cytophagales,Spirosomaceae,Lacihabitans,NA
ASV679,Bacteria,Proteobacteria,Gammaproteobacteria,Alteromonadales,Alteromonadaceae,Rheinheimera,NA
ASV106,Bacteria,Proteobacteria,Gammaproteobacteria,Burkholderiales,Methylophilaceae,NA,NA
ASV453,Bacteria,Armatimonadota,Armatimonadia,Armatimonadales,Armatimonadaceae,Armatimonas,NA
ASV562,Bacteria,Proteobacteria,Alphaproteobacteria,Rhodobacterales,Rhodobacteraceae,Rhodobacter,NA
ASV368,Bacteria,Bacteroidota,Bacteroidia,Flavobacteriales,Flavobacteriaceae,Flavobacterium,NA
ASV1165,Bacteria,Bacteroidota,Bacteroidia,Flavobacteriales,Flavobacteriaceae,Flavobacterium,NA
ASV249,Bacteria,Bacteroidota,Bacteroidia,Flavobacteriales,Flavobacteriaceae,Flavobacterium,NA
ASV1081,Bacteria,Bacteroidota,Bacteroidia,Chitinophagales,Saprospiraceae,Haliscomenobacter,NA
ASV603,Bacteria,Armatimonadota,Armatimonadia,Armatimonadales,Armatimonadaceae,Armatimonas,NA
ASV979,Bacteria,Bacteroidota,Bacteroidia,Flavobacteriales,Flavobacteriaceae,Flavobacterium,NA
ASV334,Bacteria,Proteobacteria,Gammaproteobacteria,Alteromonadales,Alteromonadaceae,Rheinheimera,NA
ASV1090,Bacteria,Bacteroidota,Bacteroidia,Flavobacteriales,Flavobacteriaceae,Flavobacterium,NA
ASV956,Bacteria,Bacteroidota,Bacteroidia,Chitinophagales,Saprospiraceae,Haliscomenobacter,NA
ASV758,Bacteria,Bacteroidota,Bacteroidia,Flavobacteriales,Flavobacteriaceae,Flavobacterium,NA
ASV1050,Bacteria,Bacteroidota,Bacteroidia,Flavobacteriales,Flavobacteriaceae,NA,NA
ASV407,Bacteria,Proteobacteria,Gammaproteobacteria,Xanthomonadales,Xanthomonadaceae,Lysobacter,NA
ASV1027,Bacteria,Bacteroidota,Bacteroidia,Chitinophagales,Saprospiraceae,Haliscomenobacter,NA
ASV984,Bacteria,Bacteroidota,Bacteroidia,Flavobacteriales,Flavobacteriaceae,Flavobacterium,NA
ASV865,Bacteria,Bacteroidota,Bacteroidia,Flavobacteriales,Flavobacteriaceae,Flavobacterium,NA
ASV1028,Bacteria,Bacteroidota,Bacteroidia,Flavobacteriales,Flavobacteriaceae,Flavobacterium,NA
ASV1061,Bacteria,Bacteroidota,Bacteroidia,Flavobacteriales,Flavobacteriaceae,Flavobacterium,NA
ASV1153,Bacteria,Bacteroidota,Bacteroidia,Flavobacteriales,Flavobacteriaceae,Flavobacterium,NA
ASV344,Bacteria,Proteobacteria,Alphaproteobacteria,Sphingomonadales,Sphingomonadaceae,Porphyrobacter,NA
ASV708,Bacteria,Bacteroidota,Bacteroidia,Flavobacteriales,Flavobacteriaceae,Flavobacterium,NA
ASV142,Bacteria,Bacteroidota,Bacteroidia,Cytophagales,Microscillaceae,OLB12,NA
ASV476,Bacteria,Bacteroidota,Bacteroidia,Sphingobacteriales,NS11-12 marine group,NA,NA
ASV186,Bacteria,Bacteroidota,Bacteroidia,Flavobacteriales,Flavobacteriaceae,Flavobacterium,NA
ASV834,Bacteria,Bacteroidota,Bacteroidia,Flavobacteriales,Flavobacteriaceae,Flavobacterium,NA
ASV391,Bacteria,Proteobacteria,Alphaproteobacteria,Rhodobacterales,Rhodobacteraceae,Rhodobacter,NA
ASV987,Bacteria,Bacteroidota,Bacteroidia,Flavobacteriales,Flavobacteriaceae,Flavobacterium,NA
ASV677,Bacteria,Bacteroidota,Bacteroidia,Cytophagales,Spirosomaceae,Lacihabitans,NA
ASV1020,Bacteria,Bacteroidota,Bacteroidia,Cytophagales,Spirosomaceae,Lacihabitans,NA
ASV940,Bacteria,Proteobacteria,Alphaproteobacteria,Sphingomonadales,Sphingomonadaceae,Sphingopyxis,NA
ASV429,Bacteria,Armatimonadota,Armatimonadia,Armatimonadales,Armatimonadaceae,Armatimonas,NA
ASV1079,Bacteria,Bacteroidota,Bacteroidia,Flavobacteriales,Flavobacteriaceae,Flavobacterium,NA
ASV424,Bacteria,Bacteroidota,Bacteroidia,Flavobacteriales,Flavobacteriaceae,Flavobacterium,NA
ASV571,Bacteria,Armatimonadota,Armatimonadia,Armatimonadales,Armatimonadaceae,Armatimonas,NA
ASV928,Bacteria,Proteobacteria,Gammaproteobacteria,Alteromonadales,Alteromonadaceae,Rheinheimera,NA
ASV1015,Bacteria,Bacteroidota,Bacteroidia,Flavobacteriales,Flavobacteriaceae,Flavobacterium,NA
ASV410,Bacteria,Bacteroidota,Bacteroidia,Flavobacteriales,Flavobacteriaceae,Flavobacterium,NA
ASV1059,Bacteria,Bacteroidota,Bacteroidia,Chitinophagales,Saprospiraceae,Haliscomenobacter,NA
ASV902,Bacteria,Bacteroidota,Bacteroidia,Cytophagales,Spirosomaceae,Lacihabitans,NA
ASV992,Bacteria,Bacteroidota,Bacteroidia,Flavobacteriales,Flavobacteriaceae,Flavobacterium,NA
ASV792,Bacteria,Bacteroidota,Bacteroidia,Flavobacteriales,Flavobacteriaceae,Flavobacterium,NA
ASV837,Bacteria,Bacteroidota,Bacteroidia,Flavobacteriales,Flavobacteriaceae,Flavobacterium,NA
ASV531,Bacteria,Proteobacteria,Alphaproteobacteria,Sphingomonadales,Sphingomonadaceae,Sphingopyxis,NA
ASV741,Bacteria,Bacteroidota,Bacteroidia,Flavobacteriales,Flavobacteriaceae,Flavobacterium,NA
ASV1118,Bacteria,Bacteroidota,Bacteroidia,Flavobacteriales,Flavobacteriaceae,Flavobacterium,NA
ASV1159,Bacteria,Bacteroidota,Bacteroidia,Flavobacteriales,Flavobacteriaceae,Flavobacterium,NA
ASV703,Bacteria,Armatimonadota,Armatimonadia,Armatimonadales,Armatimonadaceae,Armatimonas,NA
ASV948,Bacteria,Bacteroidota,Bacteroidia,Flavobacteriales,Flavobacteriaceae,Flavobacterium,NA
ASV1039,Bacteria,Bacteroidota,Bacteroidia,Cytophagales,Spirosomaceae,Lacihabitans,NA
ASV879,Bacteria,Proteobacteria,Alphaproteobacteria,Caulobacterales,Hyphomonadaceae,Hyphomonas,NA
ASV548,Bacteria,Bacteroidota,Bacteroidia,Cytophagales,Spirosomaceae,Lacihabitans,NA
ASV666,Bacteria,Bacteroidota,Bacteroidia,Flavobacteriales,Flavobacteriaceae,Flavobacterium,NA
ASV888,Bacteria,Bacteroidota,Bacteroidia,Flavobacteriales,Flavobacteriaceae,Flavobacterium,NA
ASV846,Bacteria,Proteobacteria,Gammaproteobacteria,Burkholderiales,Comamonadaceae,NA,NA
ASV1017,Bacteria,Bacteroidota,Bacteroidia,Flavobacteriales,Flavobacteriaceae,Flavobacterium,NA
ASV921,Bacteria,Bacteroidota,Bacteroidia,Chitinophagales,Saprospiraceae,Haliscomenobacter,NA
ASV536,Bacteria,Bacteroidota,Bacteroidia,Chitinophagales,Saprospiraceae,Haliscomenobacter,NA
ASV699,Bacteria,Proteobacteria,Alphaproteobacteria,Sphingomonadales,Sphingomonadaceae,Sphingopyxis,NA
ASV943,Bacteria,Proteobacteria,Gammaproteobacteria,Burkholderiales,Methylophilaceae,Methylotenera,NA
ASV794,Bacteria,Bacteroidota,Bacteroidia,Cytophagales,Spirosomaceae,Lacihabitans,NA
ASV687,Bacteria,Bacteroidota,Bacteroidia,Flavobacteriales,Flavobacteriaceae,Flavobacterium,NA
ASV389,Bacteria,Bacteroidota,Bacteroidia,Flavobacteriales,Flavobacteriaceae,Flavobacterium,NA
ASV1023,Bacteria,Bacteroidota,Bacteroidia,Flavobacteriales,Flavobacteriaceae,Flavobacterium,NA
ASV856,Bacteria,Bacteroidota,Bacteroidia,Flavobacteriales,Flavobacteriaceae,Flavobacterium,NA
ASV1115,Bacteria,Bacteroidota,Bacteroidia,Cytophagales,Spirosomaceae,Lacihabitans,NA
ASV444,Bacteria,Bacteroidota,Bacteroidia,Sphingobacteriales,NS11-12 marine group,NA,NA
ASV573,Bacteria,Bacteroidota,Bacteroidia,Flavobacteriales,Flavobacteriaceae,Flavobacterium,NA
ASV860,Bacteria,Bacteroidota,Bacteroidia,Flavobacteriales,Flavobacteriaceae,Flavobacterium,NA
ASV1055,Bacteria,Bacteroidota,Bacteroidia,Flavobacteriales,Flavobacteriaceae,Flavobacterium,NA
ASV364,Bacteria,Bacteroidota,Bacteroidia,Flavobacteriales,Flavobacteriaceae,Flavobacterium,NA
ASV829,Bacteria,Bacteroidota,Bacteroidia,Flavobacteriales,Flavobacteriaceae,Flavobacterium,NA
ASV664,Bacteria,Proteobacteria,Alphaproteobacteria,Sphingomonadales,Sphingomonadaceae,Sphingopyxis,NA
ASV1058,Bacteria,Bacteroidota,Bacteroidia,Flavobacteriales,Flavobacteriaceae,Flavobacterium,NA
ASV907,Bacteria,Bacteroidota,Bacteroidia,Flavobacteriales,Flavobacteriaceae,Flavobacterium,NA
ASV534,Bacteria,Bacteroidota,Bacteroidia,Cytophagales,Spirosomaceae,Lacihabitans,NA
ASV1145,Bacteria,Bacteroidota,Bacteroidia,Flavobacteriales,Flavobacteriaceae,Flavobacterium,NA
ASV784,Bacteria,Bacteroidota,Bacteroidia,Flavobacteriales,Flavobacteriaceae,Flavobacterium,NA
ASV522,Bacteria,Bacteroidota,Bacteroidia,Flavobacteriales,Flavobacteriaceae,Flavobacterium,NA
ASV785,Bacteria,Bacteroidota,Bacteroidia,Cytophagales,Spirosomaceae,Lacihabitans,NA
ASV793,Bacteria,Bacteroidota,Bacteroidia,Flavobacteriales,Flavobacteriaceae,Flavobacterium,NA
ASV398,Bacteria,Proteobacteria,Gammaproteobacteria,Alteromonadales,Alteromonadaceae,Rheinheimera,NA
ASV1043,Bacteria,Bacteroidota,Bacteroidia,Chitinophagales,Saprospiraceae,Haliscomenobacter,NA
ASV238,Bacteria,Bacteroidota,Bacteroidia,Flavobacteriales,Flavobacteriaceae,Flavobacterium,NA
ASV1162,Bacteria,Bacteroidota,Bacteroidia,Chitinophagales,Saprospiraceae,Haliscomenobacter,NA
ASV1119,Bacteria,Bacteroidota,Bacteroidia,Flavobacteriales,Flavobacteriaceae,Flavobacterium,NA
ASV316,Bacteria,Armatimonadota,Armatimonadia,Armatimonadales,Armatimonadaceae,Armatimonas,NA
ASV1016,Bacteria,Bacteroidota,Bacteroidia,Cytophagales,Spirosomaceae,Lacihabitans,NA
ASV371,Bacteria,Bacteroidota,Bacteroidia,Chitinophagales,Saprospiraceae,Haliscomenobacter,NA
ASV855,Bacteria,Proteobacteria,Alphaproteobacteria,Caulobacterales,Hyphomonadaceae,Hyphomonas,NA
ASV1134,Bacteria,Bacteroidota,Bacteroidia,Flavobacteriales,Flavobacteriaceae,Flavobacterium,NA
ASV532,Bacteria,Bacteroidota,Bacteroidia,Chitinophagales,Saprospiraceae,Haliscomenobacter,NA
ASV911,Bacteria,Bacteroidota,Bacteroidia,Cytophagales,Spirosomaceae,Lacihabitans,NA
ASV191,Bacteria,Bacteroidota,Bacteroidia,Sphingobacteriales,env.OPS 17,NA,NA
ASV689,Bacteria,Bacteroidota,Bacteroidia,Chitinophagales,Saprospiraceae,Haliscomenobacter,NA
ASV1156,Bacteria,Bacteroidota,Bacteroidia,Flavobacteriales,Flavobacteriaceae,Flavobacterium,NA
ASV701,Bacteria,Bacteroidota,Bacteroidia,Flavobacteriales,Flavobacteriaceae,Flavobacterium,NA
ASV1019,Bacteria,Bacteroidota,Bacteroidia,Flavobacteriales,Flavobacteriaceae,Flavobacterium,NA
ASV1013,Bacteria,Bacteroidota,Bacteroidia,Flavobacteriales,Flavobacteriaceae,NA,NA
ASV795,Bacteria,Bacteroidota,Bacteroidia,Flavobacteriales,Flavobacteriaceae,Flavobacterium,NA
ASV1032,Bacteria,Bacteroidota,Bacteroidia,Cytophagales,Spirosomaceae,Lacihabitans,NA
ASV643,Bacteria,Bacteroidota,Bacteroidia,Flavobacteriales,Flavobacteriaceae,Flavobacterium,NA
ASV813,Bacteria,Bacteroidota,Bacteroidia,Flavobacteriales,Flavobacteriaceae,Flavobacterium,NA
ASV182,Bacteria,Proteobacteria,Gammaproteobacteria,Burkholderiales,Comamonadaceae,NA,NA
ASV1077,Bacteria,Bacteroidota,Bacteroidia,Cytophagales,Spirosomaceae,Lacihabitans,NA
ASV425,Bacteria,Bacteroidota,Bacteroidia,Flavobacteriales,Flavobacteriaceae,Flavobacterium,NA
ASV651,Bacteria,Proteobacteria,Gammaproteobacteria,Burkholderiales,Methylophilaceae,Methylotenera,NA
ASV799,Bacteria,Bacteroidota,Bacteroidia,Flavobacteriales,Flavobacteriaceae,Flavobacterium,NA
ASV690,Bacteria,Bacteroidota,Bacteroidia,Chitinophagales,Saprospiraceae,Haliscomenobacter,NA
ASV1161,Bacteria,Bacteroidota,Bacteroidia,Flavobacteriales,Flavobacteriaceae,Flavobacterium,NA
ASV1151,Bacteria,Bacteroidota,Bacteroidia,Cytophagales,Spirosomaceae,Lacihabitans,NA
ASV869,Bacteria,Bacteroidota,Bacteroidia,Cytophagales,Spirosomaceae,Lacihabitans,NA
ASV755,Bacteria,Bacteroidota,Bacteroidia,Flavobacteriales,Flavobacteriaceae,Flavobacterium,NA
ASV774,Bacteria,Bacteroidota,Bacteroidia,Flavobacteriales,Flavobacteriaceae,Flavobacterium,NA
ASV1006,Bacteria,Bacteroidota,Bacteroidia,Flavobacteriales,Flavobacteriaceae,Flavobacterium,NA
ASV717,Bacteria,Bacteroidota,Bacteroidia,Flavobacteriales,Flavobacteriaceae,Flavobacterium,NA
ASV627,Bacteria,Proteobacteria,Gammaproteobacteria,Xanthomonadales,Xanthomonadaceae,Lysobacter,NA
ASV997,Bacteria,Bacteroidota,Bacteroidia,Flavobacteriales,Flavobacteriaceae,Flavobacterium,NA
ASV342,Bacteria,Armatimonadota,Armatimonadia,Armatimonadales,Armatimonadaceae,Armatimonas,NA
ASV384,Bacteria,Bacteroidota,Bacteroidia,Flavobacteriales,Flavobacteriaceae,Flavobacterium,NA
ASV1127,Bacteria,Proteobacteria,Gammaproteobacteria,Alteromonadales,Alteromonadaceae,Rheinheimera,NA
ASV1128,Bacteria,Bacteroidota,Bacteroidia,Cytophagales,Spirosomaceae,Lacihabitans,NA
ASV1047,Bacteria,Bacteroidota,Bacteroidia,Flavobacteriales,Flavobacteriaceae,Flavobacterium,NA
ASV775,Bacteria,Proteobacteria,Alphaproteobacteria,Caulobacterales,Hyphomonadaceae,Hyphomonas,NA
ASV1109,Bacteria,Bacteroidota,Bacteroidia,Cytophagales,Spirosomaceae,Lacihabitans,NA
ASV996,Bacteria,Proteobacteria,Alphaproteobacteria,Caulobacterales,Hyphomonadaceae,Hyphomonas,NA
ASV1046,Bacteria,Proteobacteria,Alphaproteobacteria,Caulobacterales,Hyphomonadaceae,Hyphomonas,NA
ASV333,Bacteria,Bacteroidota,Bacteroidia,Sphingobacteriales,NS11-12 marine group,NA,NA
ASV692,Bacteria,Bacteroidota,Bacteroidia,Flavobacteriales,Flavobacteriaceae,Flavobacterium,NA
ASV1144,Bacteria,Bacteroidota,Bacteroidia,Cytophagales,Spirosomaceae,Lacihabitans,NA
ASV462,Bacteria,Proteobacteria,Alphaproteobacteria,Sphingomonadales,Sphingomonadaceae,Porphyrobacter,NA
ASV748,Bacteria,Proteobacteria,Gammaproteobacteria,Xanthomonadales,Xanthomonadaceae,Lysobacter,NA
ASV463,Bacteria,Bacteroidota,Bacteroidia,Flavobacteriales,Flavobacteriaceae,Flavobacterium,NA
ASV726,Bacteria,Proteobacteria,Gammaproteobacteria,Xanthomonadales,Xanthomonadaceae,Lysobacter,NA
ASV1053,Bacteria,Bacteroidota,Bacteroidia,Flavobacteriales,Flavobacteriaceae,Flavobacterium,NA
ASV489,Bacteria,Proteobacteria,Alphaproteobacteria,Caulobacterales,Hyphomonadaceae,Hyphomonas,NA
ASV1150,Bacteria,Bacteroidota,Bacteroidia,Flavobacteriales,Flavobacteriaceae,Flavobacterium,NA
ASV1170,Bacteria,Bacteroidota,Bacteroidia,Flavobacteriales,Flavobacteriaceae,Flavobacterium,NA
ASV990,Bacteria,Bacteroidota,Bacteroidia,Cytophagales,Spirosomaceae,Lacihabitans,NA
ASV432,Bacteria,Proteobacteria,Alphaproteobacteria,Sphingomonadales,Sphingomonadaceae,Sphingopyxis,NA
ASV256,Bacteria,Proteobacteria,Alphaproteobacteria,Caulobacterales,Hyphomonadaceae,Hyphomonas,NA
ASV762,Bacteria,Bacteroidota,Bacteroidia,Flavobacteriales,Flavobacteriaceae,Flavobacterium,NA
ASV866,Bacteria,Bacteroidota,Bacteroidia,Cytophagales,Spirosomaceae,Lacihabitans,NA
ASV1049,Bacteria,Bacteroidota,Bacteroidia,Cytophagales,Spirosomaceae,Lacihabitans,NA
ASV1091,Bacteria,Bacteroidota,Bacteroidia,Flavobacteriales,Flavobacteriaceae,Flavobacterium,NA
ASV804,Bacteria,Proteobacteria,Gammaproteobacteria,Xanthomonadales,Xanthomonadaceae,Lysobacter,NA
ASV192,Bacteria,Bacteroidota,Bacteroidia,Sphingobacteriales,Sphingobacteriaceae,Solitalea,NA
ASV975,Bacteria,Bacteroidota,Bacteroidia,Cytophagales,Spirosomaceae,Lacihabitans,NA
ASV1129,Bacteria,Bacteroidota,Bacteroidia,Cytophagales,Spirosomaceae,Lacihabitans,NA
ASV765,Bacteria,Bacteroidota,Bacteroidia,Cytophagales,Spirosomaceae,Lacihabitans,NA
ASV838,Bacteria,Proteobacteria,Alphaproteobacteria,Caulobacterales,Hyphomonadaceae,Hyphomonas,NA
ASV656,Bacteria,Proteobacteria,Gammaproteobacteria,Burkholderiales,Comamonadaceae,NA,NA
ASV1125,Bacteria,Bacteroidota,Bacteroidia,Flavobacteriales,Flavobacteriaceae,Flavobacterium,NA
ASV1136,Bacteria,Bacteroidota,Bacteroidia,Flavobacteriales,Flavobacteriaceae,Flavobacterium,NA
ASV343,Bacteria,Bacteroidota,Bacteroidia,Flavobacteriales,Flavobacteriaceae,NA,NA
ASV938,Bacteria,Bacteroidota,Bacteroidia,Flavobacteriales,Flavobacteriaceae,Flavobacterium,NA
ASV957,Bacteria,Bacteroidota,Bacteroidia,Flavobacteriales,Flavobacteriaceae,Flavobacterium,NA
ASV221,Bacteria,Bacteroidota,Bacteroidia,Flavobacteriales,Flavobacteriaceae,Flavobacterium,NA
ASV644,Bacteria,Bacteroidota,Bacteroidia,Flavobacteriales,Flavobacteriaceae,Flavobacterium,NA
ASV1042,Bacteria,Bacteroidota,Bacteroidia,Flavobacteriales,Flavobacteriaceae,Flavobacterium,NA
ASV969,Bacteria,Bacteroidota,Bacteroidia,Cytophagales,Spirosomaceae,Lacihabitans,NA
ASV1085,Bacteria,Bacteroidota,Bacteroidia,Chitinophagales,Saprospiraceae,Haliscomenobacter,NA
ASV480,Bacteria,Proteobacteria,Alphaproteobacteria,Sphingomonadales,Sphingomonadaceae,NA,NA
ASV934,Bacteria,Bacteroidota,Bacteroidia,Flavobacteriales,Flavobacteriaceae,Flavobacterium,NA
ASV563,Bacteria,Bacteroidota,Bacteroidia,Flavobacteriales,Flavobacteriaceae,Flavobacterium,NA
ASV1087,Bacteria,Bacteroidota,Bacteroidia,Flavobacteriales,Flavobacteriaceae,Flavobacterium,NA
ASV1074,Bacteria,Bacteroidota,Bacteroidia,Cytophagales,Spirosomaceae,Lacihabitans,NA
ASV691,Bacteria,Proteobacteria,Gammaproteobacteria,Xanthomonadales,Xanthomonadaceae,Lysobacter,NA
ASV681,Bacteria,Bacteroidota,Bacteroidia,Cytophagales,Spirosomaceae,Lacihabitans,NA
ASV851,Bacteria,Proteobacteria,Gammaproteobacteria,Burkholderiales,Comamonadaceae,NA,NA
ASV936,Bacteria,Bacteroidota,Bacteroidia,Cytophagales,Spirosomaceae,Lacihabitans,NA
ASV1065,Bacteria,Bacteroidota,Bacteroidia,Cytophagales,Spirosomaceae,Lacihabitans,NA
ASV740,Bacteria,Bacteroidota,Bacteroidia,Flavobacteriales,Flavobacteriaceae,Flavobacterium,NA
ASV1088,Bacteria,Bacteroidota,Bacteroidia,Flavobacteriales,Flavobacteriaceae,Flavobacterium,NA
ASV637,Bacteria,Bacteroidota,Bacteroidia,Flavobacteriales,Flavobacteriaceae,Flavobacterium,NA
ASV566,Bacteria,Armatimonadota,Armatimonadia,Armatimonadales,Armatimonadaceae,Armatimonas,NA
ASV825,Bacteria,Proteobacteria,Gammaproteobacteria,Alteromonadales,Alteromonadaceae,Rheinheimera,NA
ASV362,Bacteria,Proteobacteria,Gammaproteobacteria,Xanthomonadales,Xanthomonadaceae,Lysobacter,NA
ASV973,Bacteria,Proteobacteria,Gammaproteobacteria,Alteromonadales,Alteromonadaceae,Rheinheimera,NA
ASV296,Bacteria,Bacteroidota,Bacteroidia,Sphingobacteriales,NS11-12 marine group,NA,NA
ASV751,Bacteria,Bacteroidota,Bacteroidia,Cytophagales,Spirosomaceae,Lacihabitans,NA
ASV1169,Bacteria,Bacteroidota,Bacteroidia,Cytophagales,Spirosomaceae,Lacihabitans,NA
ASV298,Bacteria,Bacteroidota,Bacteroidia,Flavobacteriales,Flavobacteriaceae,Flavobacterium,NA
ASV530,Bacteria,Bacteroidota,Bacteroidia,Flavobacteriales,Flavobacteriaceae,Flavobacterium,NA
ASV678,Bacteria,Bacteroidota,Bacteroidia,Flavobacteriales,Flavobacteriaceae,Flavobacterium,NA
ASV887,Bacteria,Bacteroidota,Bacteroidia,Cytophagales,Spirosomaceae,Lacihabitans,NA
ASV590,Bacteria,Proteobacteria,Gammaproteobacteria,Xanthomonadales,Xanthomonadaceae,Lysobacter,NA
ASV1005,Bacteria,Bacteroidota,Bacteroidia,Cytophagales,Spirosomaceae,Lacihabitans,NA
ASV177,Bacteria,Armatimonadota,Armatimonadia,Armatimonadales,Armatimonadaceae,Armatimonas,NA
ASV1092,Bacteria,Bacteroidota,Bacteroidia,Flavobacteriales,Flavobacteriaceae,Flavobacterium,NA
ASV133,Bacteria,Bacteroidota,Bacteroidia,Sphingobacteriales,env.OPS 17,NA,NA
ASV1155,Bacteria,Bacteroidota,Bacteroidia,Flavobacteriales,Flavobacteriaceae,Flavobacterium,NA
ASV446,Bacteria,Proteobacteria,Alphaproteobacteria,Caulobacterales,Hyphomonadaceae,Hyphomonas,NA
ASV1148,Bacteria,Bacteroidota,Bacteroidia,Chitinophagales,Saprospiraceae,Haliscomenobacter,NA
ASV324,Bacteria,Bacteroidota,Bacteroidia,Flavobacteriales,Flavobacteriaceae,NA,NA
ASV898,Bacteria,Bacteroidota,Bacteroidia,Chitinophagales,Saprospiraceae,Haliscomenobacter,NA
ASV797,Bacteria,Bacteroidota,Bacteroidia,Flavobacteriales,Flavobacteriaceae,Flavobacterium,NA
ASV903,Bacteria,Bacteroidota,Bacteroidia,Flavobacteriales,Flavobacteriaceae,Flavobacterium,NA
ASV181,Bacteria,Proteobacteria,Alphaproteobacteria,Sphingomonadales,Sphingomonadaceae,Rhizorhapis,NA
ASV735,Bacteria,Bacteroidota,Bacteroidia,Flavobacteriales,Flavobacteriaceae,Flavobacterium,NA
ASV244,Bacteria,Armatimonadota,Armatimonadia,Armatimonadales,Armatimonadaceae,Armatimonas,NA
ASV872,Bacteria,Bacteroidota,Bacteroidia,Flavobacteriales,Flavobacteriaceae,Flavobacterium,NA
ASV634,Bacteria,Bacteroidota,Bacteroidia,Cytophagales,Spirosomaceae,Lacihabitans,NA
ASV460,Bacteria,Bacteroidota,Bacteroidia,Flavobacteriales,Flavobacteriaceae,Flavobacterium,NA
ASV947,Bacteria,Bacteroidota,Bacteroidia,Flavobacteriales,Flavobacteriaceae,Flavobacterium,NA
ASV952,Bacteria,Proteobacteria,Alphaproteobacteria,Sphingomonadales,Sphingomonadaceae,Sphingopyxis,NA
ASV986,Bacteria,Bacteroidota,Bacteroidia,Cytophagales,Spirosomaceae,Lacihabitans,NA
ASV861,Bacteria,Bacteroidota,Bacteroidia,Flavobacteriales,Flavobacteriaceae,Flavobacterium,NA
ASV1157,Bacteria,Bacteroidota,Bacteroidia,Cytophagales,Spirosomaceae,Lacihabitans,NA
ASV412,Bacteria,Bacteroidota,Bacteroidia,Flavobacteriales,Flavobacteriaceae,Flavobacterium,NA
ASV815,Bacteria,Bacteroidota,Bacteroidia,Flavobacteriales,Flavobacteriaceae,Flavobacterium,NA
ASV1048,Bacteria,Bacteroidota,Bacteroidia,Cytophagales,Spirosomaceae,Lacihabitans,NA
ASV859,Bacteria,Bacteroidota,Bacteroidia,Flavobacteriales,Flavobacteriaceae,Flavobacterium,NA
ASV873,Bacteria,Proteobacteria,Gammaproteobacteria,Burkholderiales,Methylophilaceae,NA,NA
ASV713,Bacteria,Bacteroidota,Bacteroidia,Flavobacteriales,Flavobacteriaceae,Flavobacterium,NA
ASV560,Bacteria,Bacteroidota,Bacteroidia,Flavobacteriales,Flavobacteriaceae,Flavobacterium,NA
ASV798,Bacteria,Bacteroidota,Bacteroidia,Flavobacteriales,Flavobacteriaceae,Flavobacterium,NA
ASV958,Bacteria,Bacteroidota,Bacteroidia,Flavobacteriales,Flavobacteriaceae,Flavobacterium,NA
ASV236,Bacteria,Bacteroidota,Bacteroidia,Flavobacteriales,Flavobacteriaceae,NA,NA
ASV885,Bacteria,Bacteroidota,Bacteroidia,Cytophagales,Spirosomaceae,Lacihabitans,NA
ASV836,Bacteria,Bacteroidota,Bacteroidia,Flavobacteriales,Flavobacteriaceae,Flavobacterium,NA
ASV831,Bacteria,Proteobacteria,Alphaproteobacteria,Rickettsiales,Rickettsiaceae,Rickettsia,NA
ASV727,Bacteria,Bacteroidota,Bacteroidia,Chitinophagales,Saprospiraceae,Haliscomenobacter,NA
ASV835,Bacteria,Bacteroidota,Bacteroidia,Flavobacteriales,Flavobacteriaceae,Flavobacterium,NA
ASV1158,Bacteria,Bacteroidota,Bacteroidia,Flavobacteriales,Flavobacteriaceae,Flavobacterium,NA
ASV962,Bacteria,Bacteroidota,Bacteroidia,Cytophagales,Spirosomaceae,Lacihabitans,NA
ASV823,Bacteria,Proteobacteria,Alphaproteobacteria,Sphingomonadales,Sphingomonadaceae,Sphingopyxis,NA
ASV661,Bacteria,Armatimonadota,Armatimonadia,Armatimonadales,Armatimonadaceae,Armatimonas,NA
ASV525,Bacteria,Proteobacteria,Gammaproteobacteria,Burkholderiales,Comamonadaceae,NA,NA
ASV411,Bacteria,Bacteroidota,Bacteroidia,Flavobacteriales,Flavobacteriaceae,Flavobacterium,NA
ASV553,Bacteria,Proteobacteria,Gammaproteobacteria,Xanthomonadales,Xanthomonadaceae,Lysobacter,NA
ASV237,Bacteria,Proteobacteria,Gammaproteobacteria,Burkholderiales,Comamonadaceae,NA,NA
ASV1154,Bacteria,Bacteroidota,Bacteroidia,Cytophagales,Spirosomaceae,Lacihabitans,NA
ASV768,Bacteria,Bacteroidota,Bacteroidia,Flavobacteriales,Flavobacteriaceae,NA,NA
ASV114,Bacteria,Proteobacteria,Alphaproteobacteria,Rhodobacterales,Rhodobacteraceae,NA,NA
ASV977,Bacteria,Proteobacteria,Gammaproteobacteria,Burkholderiales,Comamonadaceae,NA,NA
ASV31,Bacteria,Bacteroidota,Bacteroidia,Flavobacteriales,Flavobacteriaceae,NA,NA
ASV729,Bacteria,Bacteroidota,Bacteroidia,Flavobacteriales,Flavobacteriaceae,NA,NA
ASV472,Bacteria,Proteobacteria,Gammaproteobacteria,Burkholderiales,Methylophilaceae,Methylotenera,NA
ASV983,Bacteria,Bacteroidota,Bacteroidia,Cytophagales,Spirosomaceae,Lacihabitans,NA
ASV504,Bacteria,Armatimonadota,Armatimonadia,Armatimonadales,Armatimonadaceae,Armatimonas,NA
ASV1026,Bacteria,Bacteroidota,Bacteroidia,Flavobacteriales,Flavobacteriaceae,Flavobacterium,NA
ASV1131,Bacteria,Proteobacteria,Gammaproteobacteria,Burkholderiales,Comamonadaceae,NA,NA
ASV757,Bacteria,Bacteroidota,Bacteroidia,Flavobacteriales,Flavobacteriaceae,Flavobacterium,NA
ASV1152,Bacteria,Bacteroidota,Bacteroidia,Flavobacteriales,Flavobacteriaceae,Flavobacterium,NA
ASV750,Bacteria,Bacteroidota,Bacteroidia,Sphingobacteriales,Sphingobacteriaceae,Solitalea,NA
ASV1001,Bacteria,Bacteroidota,Bacteroidia,Flavobacteriales,Flavobacteriaceae,Flavobacterium,NA
ASV521,Bacteria,Proteobacteria,Alphaproteobacteria,Caulobacterales,Hyphomonadaceae,Hyphomonas,NA
ASV1168,Bacteria,Bacteroidota,Bacteroidia,Cytophagales,Spirosomaceae,Lacihabitans,NA
ASV482,Bacteria,Bacteroidota,Bacteroidia,Flavobacteriales,Flavobacteriaceae,Flavobacterium,NA
ASV484,Bacteria,Bacteroidota,Bacteroidia,Flavobacteriales,Flavobacteriaceae,Flavobacterium,NA
ASV409,Bacteria,Bacteroidota,Bacteroidia,Flavobacteriales,Flavobacteriaceae,Flavobacterium,NA
ASV878,Bacteria,Bacteroidota,Bacteroidia,Flavobacteriales,Flavobacteriaceae,Flavobacterium,NA
ASV941,Bacteria,Bacteroidota,Bacteroidia,Cytophagales,Spirosomaceae,Lacihabitans,NA
ASV791,Bacteria,Proteobacteria,Gammaproteobacteria,Alteromonadales,Alteromonadaceae,Rheinheimera,NA
ASV772,Bacteria,Proteobacteria,Gammaproteobacteria,Xanthomonadales,Xanthomonadaceae,Lysobacter,NA
ASV382,Bacteria,Bacteroidota,Bacteroidia,Flavobacteriales,Flavobacteriaceae,Flavobacterium,NA
ASV559,Bacteria,Proteobacteria,Alphaproteobacteria,Caulobacterales,Hyphomonadaceae,Hyphomonas,NA
ASV995,Bacteria,Bacteroidota,Bacteroidia,Flavobacteriales,Flavobacteriaceae,Flavobacterium,NA
ASV891,Bacteria,Bacteroidota,Bacteroidia,Chitinophagales,Saprospiraceae,Haliscomenobacter,NA
ASV299,Bacteria,Bacteroidota,Bacteroidia,Chitinophagales,Saprospiraceae,Haliscomenobacter,NA
ASV913,Bacteria,Bacteroidota,Bacteroidia,Flavobacteriales,Flavobacteriaceae,Flavobacterium,NA
ASV1018,Bacteria,Bacteroidota,Bacteroidia,Flavobacteriales,Flavobacteriaceae,Flavobacterium,NA
ASV441,Bacteria,Planctomycetota,Planctomycetes,Pirellulales,Pirellulaceae,Pirellula,NA
ASV624,Bacteria,Bacteroidota,Bacteroidia,Flavobacteriales,Flavobacteriaceae,Flavobacterium,NA
ASV706,Bacteria,Bacteroidota,Bacteroidia,Flavobacteriales,Flavobacteriaceae,Flavobacterium,NA
ASV893,Bacteria,Bacteroidota,Bacteroidia,Cytophagales,Spirosomaceae,Lacihabitans,NA
ASV877,Bacteria,Bacteroidota,Bacteroidia,Flavobacteriales,Flavobacteriaceae,Flavobacterium,NA
ASV881,Bacteria,Proteobacteria,Gammaproteobacteria,Burkholderiales,Comamonadaceae,NA,NA
ASV1008,Bacteria,Proteobacteria,Alphaproteobacteria,Sphingomonadales,Sphingomonadaceae,Sphingopyxis,NA
ASV1141,Bacteria,Bacteroidota,Bacteroidia,Flavobacteriales,Flavobacteriaceae,Flavobacterium,NA
ASV862,Bacteria,Bacteroidota,Bacteroidia,Sphingobacteriales,Sphingobacteriaceae,Solitalea,NA
ASV1002,Bacteria,Bacteroidota,Bacteroidia,Cytophagales,Spirosomaceae,Lacihabitans,NA
ASV1084,Bacteria,Bacteroidota,Bacteroidia,Flavobacteriales,Flavobacteriaceae,Flavobacterium,NA
ASV710,Bacteria,Bacteroidota,Bacteroidia,Flavobacteriales,Flavobacteriaceae,Flavobacterium,NA
ASV950,Bacteria,Bacteroidota,Bacteroidia,Cytophagales,Spirosomaceae,Lacihabitans,NA
ASV259,Bacteria,Bacteroidota,Bacteroidia,Flavobacteriales,Flavobacteriaceae,Flavobacterium,NA
ASV912,Bacteria,Bacteroidota,Bacteroidia,Flavobacteriales,Flavobacteriaceae,Flavobacterium,NA
ASV1124,Bacteria,Bacteroidota,Bacteroidia,Flavobacteriales,Flavobacteriaceae,Flavobacterium,NA
ASV314,Bacteria,Bacteroidota,Bacteroidia,Flavobacteriales,Flavobacteriaceae,Flavobacterium,NA
ASV1098,Bacteria,Bacteroidota,Bacteroidia,Chitinophagales,Saprospiraceae,Haliscomenobacter,NA
ASV966,Bacteria,Bacteroidota,Bacteroidia,Chitinophagales,Saprospiraceae,Haliscomenobacter,NA
ASV980,Bacteria,Bacteroidota,Bacteroidia,Flavobacteriales,Flavobacteriaceae,Flavobacterium,NA
ASV901,Bacteria,Bacteroidota,Bacteroidia,Flavobacteriales,Flavobacteriaceae,Flavobacterium,NA
ASV1160,Bacteria,Bacteroidota,Bacteroidia,Flavobacteriales,Flavobacteriaceae,Flavobacterium,NA
ASV596,Bacteria,Bacteroidota,Bacteroidia,Flavobacteriales,Flavobacteriaceae,Flavobacterium,NA
ASV1072,Bacteria,Bacteroidota,Bacteroidia,Flavobacteriales,Flavobacteriaceae,Flavobacterium,NA
ASV896,Bacteria,Bacteroidota,Bacteroidia,Flavobacteriales,Flavobacteriaceae,Flavobacterium,NA
ASV781,Bacteria,Bacteroidota,Bacteroidia,Chitinophagales,Saprospiraceae,Haliscomenobacter,NA
ASV747,Bacteria,Bacteroidota,Bacteroidia,Flavobacteriales,Flavobacteriaceae,Flavobacterium,NA
ASV633,Bacteria,Bacteroidota,Bacteroidia,Flavobacteriales,Flavobacteriaceae,NA,NA
ASV816,Bacteria,Bacteroidota,Bacteroidia,Flavobacteriales,Flavobacteriaceae,Flavobacterium,NA
ASV783,Bacteria,Bacteroidota,Bacteroidia,Cytophagales,Spirosomaceae,Lacihabitans,NA
ASV929,Bacteria,Proteobacteria,Alphaproteobacteria,Caulobacterales,Hyphomonadaceae,Hyphomonas,NA
ASV945,Bacteria,Bacteroidota,Bacteroidia,Flavobacteriales,Flavobacteriaceae,Flavobacterium,NA
ASV1069,Bacteria,Proteobacteria,Gammaproteobacteria,Alteromonadales,Alteromonadaceae,Rheinheimera,NA
ASV377,Bacteria,Bacteroidota,Bacteroidia,Flavobacteriales,Flavobacteriaceae,Flavobacterium,NA
ASV1000,Bacteria,Bacteroidota,Bacteroidia,Flavobacteriales,Flavobacteriaceae,Flavobacterium,NA
ASV1030,Bacteria,Bacteroidota,Bacteroidia,Flavobacteriales,Flavobacteriaceae,Flavobacterium,NA
ASV875,Bacteria,Bacteroidota,Bacteroidia,Flavobacteriales,Flavobacteriaceae,Flavobacterium,NA
ASV658,Bacteria,Proteobacteria,Gammaproteobacteria,Alteromonadales,Alteromonadaceae,Rheinheimera,NA
ASV593,Bacteria,Bacteroidota,Bacteroidia,Cytophagales,Spirosomaceae,Lacihabitans,NA
ASV963,Bacteria,Bacteroidota,Bacteroidia,Flavobacteriales,Flavobacteriaceae,Flavobacterium,NA
ASV1075,Bacteria,Bacteroidota,Bacteroidia,Flavobacteriales,Flavobacteriaceae,NA,NA
ASV1038,Bacteria,Bacteroidota,Bacteroidia,Sphingobacteriales,Sphingobacteriaceae,Solitalea,NA
ASV295,Bacteria,Armatimonadota,Armatimonadia,Armatimonadales,Armatimonadaceae,Armatimonas,NA
ASV1110,Bacteria,Bacteroidota,Bacteroidia,Cytophagales,Spirosomaceae,Lacihabitans,NA
ASV1089,Bacteria,Bacteroidota,Bacteroidia,Flavobacteriales,Flavobacteriaceae,Flavobacterium,NA
ASV1097,Bacteria,Proteobacteria,Alphaproteobacteria,Sphingomonadales,Sphingomonadaceae,Sphingopyxis,NA
ASV991,Bacteria,Bacteroidota,Bacteroidia,Flavobacteriales,Flavobacteriaceae,Flavobacterium,NA
ASV1056,Bacteria,Bacteroidota,Bacteroidia,Flavobacteriales,Flavobacteriaceae,Flavobacterium,NA
ASV937,Bacteria,Bacteroidota,Bacteroidia,Flavobacteriales,Flavobacteriaceae,Flavobacterium,NA
ASV892,Bacteria,Bacteroidota,Bacteroidia,Flavobacteriales,Flavobacteriaceae,Flavobacterium,NA
ASV1076,Bacteria,Bacteroidota,Bacteroidia,Flavobacteriales,Flavobacteriaceae,Flavobacterium,NA
ASV1106,Bacteria,Bacteroidota,Bacteroidia,Flavobacteriales,Flavobacteriaceae,Flavobacterium,NA
ASV1142,Bacteria,Bacteroidota,Bacteroidia,Cytophagales,Spirosomaceae,Lacihabitans,NA
ASV1060,Bacteria,Bacteroidota,Bacteroidia,Cytophagales,Spirosomaceae,Lacihabitans,NA
ASV749,Bacteria,Bacteroidota,Bacteroidia,Flavobacteriales,Flavobacteriaceae,Flavobacterium,NA
ASV914,Bacteria,Proteobacteria,Gammaproteobacteria,Alteromonadales,Alteromonadaceae,Rheinheimera,NA
ASV1009,Bacteria,Bacteroidota,Bacteroidia,Flavobacteriales,Flavobacteriaceae,Flavobacterium,NA
ASV490,Bacteria,Bacteroidota,Bacteroidia,Chitinophagales,Saprospiraceae,Haliscomenobacter,NA
ASV321,Bacteria,Bacteroidota,Bacteroidia,Flavobacteriales,Flavobacteriaceae,Flavobacterium,NA
ASV705,Bacteria,Proteobacteria,Alphaproteobacteria,Caulobacterales,Hyphomonadaceae,Hyphomonas,NA
ASV1117,Bacteria,Bacteroidota,Bacteroidia,Chitinophagales,Saprospiraceae,Haliscomenobacter,NA
ASV1149,Bacteria,Proteobacteria,Alphaproteobacteria,Sphingomonadales,Sphingomonadaceae,Sphingopyxis,NA
ASV565,Bacteria,Bacteroidota,Bacteroidia,Flavobacteriales,Flavobacteriaceae,Flavobacterium,NA
ASV824,Bacteria,Bacteroidota,Bacteroidia,Cytophagales,Spirosomaceae,Lacihabitans,NA
ASV138,Bacteria,Cyanobacteria,Cyanobacteriia,Oxyphotobacteria Incertae Sedis,Unknown Family,Calothrix KVSF5,NA
ASV964,Bacteria,Bacteroidota,Bacteroidia,Cytophagales,Spirosomaceae,Lacihabitans,NA
ASV1122,Bacteria,Bacteroidota,Bacteroidia,Flavobacteriales,Flavobacteriaceae,Flavobacterium,NA
ASV685,Bacteria,Bacteroidota,Bacteroidia,Flavobacteriales,Flavobacteriaceae,Flavobacterium,NA
ASV1010,Bacteria,Bacteroidota,Bacteroidia,Cytophagales,Spirosomaceae,Lacihabitans,NA
ASV1086,Bacteria,Bacteroidota,Bacteroidia,Flavobacteriales,Flavobacteriaceae,Flavobacterium,NA
ASV474,Bacteria,Bacteroidota,Bacteroidia,Cytophagales,Spirosomaceae,Lacihabitans,NA
ASV1099,Bacteria,Bacteroidota,Bacteroidia,Flavobacteriales,Flavobacteriaceae,NA,NA
ASV657,Bacteria,Bacteroidota,Bacteroidia,Cytophagales,Spirosomaceae,Lacihabitans,NA
ASV652,Bacteria,Bacteroidota,Bacteroidia,Flavobacteriales,Flavobacteriaceae,Flavobacterium,NA
ASV648,Bacteria,Bacteroidota,Bacteroidia,Flavobacteriales,Flavobacteriaceae,Flavobacterium,NA
ASV999,Bacteria,Bacteroidota,Bacteroidia,Flavobacteriales,Flavobacteriaceae,Flavobacterium,NA
ASV931,Bacteria,Proteobacteria,Gammaproteobacteria,Burkholderiales,Comamonadaceae,NA,NA
ASV1108,Bacteria,Bacteroidota,Bacteroidia,Flavobacteriales,Flavobacteriaceae,Flavobacterium,NA
ASV1083,Bacteria,Bacteroidota,Bacteroidia,Chitinophagales,Saprospiraceae,Haliscomenobacter,NA
ASV951,Bacteria,Bacteroidota,Bacteroidia,Flavobacteriales,Flavobacteriaceae,Flavobacterium,NA
ASV725,Bacteria,Bacteroidota,Bacteroidia,Flavobacteriales,Flavobacteriaceae,Flavobacterium,NA
ASV336,Bacteria,Bacteroidota,Bacteroidia,Flavobacteriales,Flavobacteriaceae,Flavobacterium,NA
ASV1133,Bacteria,Bacteroidota,Bacteroidia,Flavobacteriales,Flavobacteriaceae,Flavobacterium,NA
ASV183,Bacteria,Bacteroidota,Bacteroidia,Flavobacteriales,Flavobacteriaceae,Flavobacterium,NA
ASV1036,Bacteria,Bacteroidota,Bacteroidia,Flavobacteriales,Flavobacteriaceae,Flavobacterium,NA
ASV420,Bacteria,Bacteroidota,Bacteroidia,Flavobacteriales,Flavobacteriaceae,Flavobacterium,NA
ASV868,Bacteria,Bacteroidota,Bacteroidia,Flavobacteriales,Flavobacteriaceae,Flavobacterium,NA
ASV808,Bacteria,Bacteroidota,Bacteroidia,Chitinophagales,Saprospiraceae,Haliscomenobacter,NA
ASV960,Bacteria,Armatimonadota,Armatimonadia,Armatimonadales,Armatimonadaceae,Armatimonas,NA
ASV1135,Bacteria,Bacteroidota,Bacteroidia,Flavobacteriales,Flavobacteriaceae,Flavobacterium,NA
